YEAR,COUNTRY,REGION,POPULATION,HAPPINESS_RANK,HAPPINESS_SCORE,ECONOMY_SCORE,SOCIAL_SCORE,HEALTH_SCORE,FREEDOM_SCORE,CORRUPTION_SCORE,GENEROSITY_SCORE,DYSTOPIA_RESIDUAL
2015,Switzerland,Western Europe,8654622,1,7.587,1.397,1.35,0.941,0.666,0.42,0.297,2.516
2015,Iceland,Western Europe,341243,2,7.561,1.302,1.402,0.948,0.629,0.141,0.436,2.703
2015,Denmark,Western Europe,5792202,3,7.527,1.325,1.361,0.875,0.649,0.484,0.341,2.492
2015,Norway,Western Europe,5421241,4,7.522,1.459,1.331,0.885,0.67,0.365,0.347,2.465
2015,Canada,North America,37742154,5,7.427,1.326,1.323,0.906,0.633,0.33,0.458,2.451
2015,Finland,Western Europe,5540720,6,7.406,1.29,1.318,0.889,0.642,0.414,0.234,2.619
2015,Netherlands,Western Europe,17134872,7,7.378,1.329,1.28,0.893,0.616,0.318,0.476,2.466
2015,Sweden,Western Europe,10099265,8,7.364,1.332,1.289,0.911,0.66,0.438,0.363,2.371
2015,New Zealand,Australia and New Zealand,4822233,9,7.286,1.25,1.32,0.908,0.639,0.429,0.475,2.265
2015,Australia,Australia and New Zealand,25499884,10,7.284,1.334,1.309,0.932,0.651,0.356,0.436,2.266
2015,Israel,Middle East and Northern Africa,8655535,11,7.278,1.229,1.224,0.914,0.413,0.078,0.332,3.088
2015,Costa Rica,Latin America and Caribbean,5094118,12,7.226,0.956,1.238,0.86,0.634,0.106,0.255,3.177
2015,Austria,Western Europe,9006398,13,7.2,1.337,1.297,0.89,0.624,0.187,0.331,2.534
2015,Mexico,Latin America and Caribbean,128932753,14,7.187,1.021,0.915,0.814,0.482,0.213,0.141,3.601
2015,United States of America,North America,331002651,15,7.119,1.395,1.247,0.862,0.546,0.159,0.401,2.509
2015,Brazil,Latin America and Caribbean,212559417,16,6.983,0.981,1.233,0.697,0.49,0.175,0.146,3.261
2015,Luxembourg,Western Europe,625978,17,6.946,1.564,1.22,0.919,0.616,0.378,0.28,1.969
2015,Ireland,Western Europe,4937786,18,6.94,1.336,1.369,0.895,0.618,0.287,0.459,1.976
2015,Belgium,Western Europe,11589623,19,6.937,1.308,1.286,0.897,0.585,0.225,0.223,2.413
2015,United Arab Emirates,Middle East and Northern Africa,9890402,20,6.901,1.427,1.126,0.809,0.642,0.386,0.264,2.247
2015,United Kingdom,Western Europe,67886011,21,6.867,1.266,1.285,0.909,0.596,0.321,0.519,1.971
2015,Oman,Middle East and Northern Africa,5044758,22,6.853,1.36,1.082,0.763,0.633,0.325,0.215,2.475
2015,Venezuela,Latin America and Caribbean,28435940,23,6.81,1.044,1.256,0.721,0.429,0.111,0.058,3.191
2015,Singapore,Southeastern Asia,5850342,24,6.798,1.522,1.02,1.025,0.543,0.492,0.311,1.885
2015,Panama,Latin America and Caribbean,4314767,25,6.786,1.064,1.199,0.797,0.542,0.093,0.244,2.847
2015,Germany,Western Europe,83783942,26,6.75,1.328,1.299,0.892,0.615,0.218,0.282,2.116
2015,Chile,Latin America and Caribbean,19116201,27,6.67,1.107,1.124,0.859,0.441,0.129,0.334,2.676
2015,Qatar,Middle East and Northern Africa,2830000,28,6.611,1.69,1.079,0.797,0.64,0.522,0.326,1.557
2015,France,Western Europe,65273511,29,6.575,1.278,1.26,0.946,0.55,0.206,0.123,2.212
2015,Argentina,Latin America and Caribbean,45195774,30,6.574,1.054,1.248,0.787,0.45,0.085,0.115,2.835
2015,Czechia,Central and Eastern Europe,10708981,31,6.505,1.179,1.206,0.845,0.464,0.027,0.107,2.677
2015,Uruguay,Latin America and Caribbean,3473730,32,6.485,1.062,1.209,0.812,0.604,0.246,0.232,2.32
2015,Colombia,Latin America and Caribbean,50882891,33,6.477,0.919,1.24,0.691,0.535,0.051,0.184,2.857
2015,Thailand,Southeastern Asia,69799978,34,6.455,0.967,1.265,0.739,0.557,0.032,0.576,2.319
2015,Saudi Arabia,Middle East and Northern Africa,34813871,35,6.411,1.395,1.084,0.72,0.31,0.325,0.137,2.44
2015,Spain,Western Europe,46754778,36,6.329,1.23,1.314,0.956,0.46,0.064,0.182,2.123
2015,Malta,Western Europe,441543,37,6.302,1.207,1.302,0.887,0.604,0.136,0.518,1.648
2015,Taiwan,Eastern Asia,23830593,38,6.298,1.291,1.076,0.875,0.397,0.081,0.254,2.324
2015,Kuwait,Middle East and Northern Africa,4270571,39,6.295,1.554,1.166,0.725,0.555,0.256,0.162,1.877
2015,Suriname,Latin America and Caribbean,588488,40,6.269,0.995,0.972,0.608,0.597,0.136,0.17,2.791
2015,Trinidad and Tobago,Latin America and Caribbean,1399488,41,6.168,1.212,1.184,0.615,0.559,0.011,0.318,2.269
2015,El Salvador,Latin America and Caribbean,6486205,42,6.13,0.765,1.025,0.677,0.404,0.118,0.107,3.034
2015,Guatemala,Latin America and Caribbean,17915568,43,6.123,0.746,1.044,0.644,0.577,0.095,0.275,2.742
2015,Uzbekistan,Central and Eastern Europe,33469203,44,6.003,0.632,1.34,0.598,0.658,0.308,0.228,2.239
2015,Slovakia,Central and Eastern Europe,5459642,45,5.995,1.169,1.27,0.789,0.318,0.034,0.169,2.246
2015,Japan,Eastern Asia,126476461,46,5.987,1.271,1.257,0.991,0.496,0.181,0.107,1.684
2015,South Korea,Eastern Asia,51269185,47,5.984,1.245,0.958,0.965,0.332,0.079,0.186,2.219
2015,Ecuador,Latin America and Caribbean,17643054,48,5.975,0.864,0.999,0.791,0.486,0.181,0.115,2.539
2015,Bahrain,Middle East and Northern Africa,1701575,49,5.96,1.324,1.216,0.747,0.455,0.306,0.174,1.738
2015,Italy,Western Europe,60461826,50,5.948,1.251,1.198,0.954,0.262,0.029,0.228,2.026
2015,Bolivia,Latin America and Caribbean,11673021,51,5.89,0.681,0.978,0.539,0.574,0.088,0.205,2.825
2015,Moldova,Central and Eastern Europe,4033963,52,5.889,0.594,1.015,0.618,0.328,0.016,0.21,3.108
2015,Paraguay,Latin America and Caribbean,7132538,53,5.878,0.76,1.305,0.661,0.539,0.082,0.342,2.189
2015,Kazakhstan,Central and Eastern Europe,18776707,54,5.855,1.123,1.122,0.644,0.516,0.085,0.118,2.247
2015,Slovenia,Central and Eastern Europe,2078938,55,5.848,1.185,1.274,0.873,0.609,0.038,0.253,1.616
2015,Lithuania,Central and Eastern Europe,2722289,56,5.833,1.147,1.257,0.731,0.213,0.01,0.026,2.449
2015,Nicaragua,Latin America and Caribbean,6624554,57,5.828,0.593,1.142,0.743,0.555,0.193,0.278,2.324
2015,Peru,Latin America and Caribbean,32971854,58,5.824,0.9,0.975,0.73,0.415,0.06,0.15,2.594
2015,Belarus,Central and Eastern Europe,9449323,59,5.813,1.032,1.233,0.736,0.379,0.191,0.11,2.132
2015,Poland,Central and Eastern Europe,37846611,60,5.791,1.126,1.279,0.779,0.531,0.042,0.168,1.866
2015,Malaysia,Southeastern Asia,32365999,61,5.77,1.125,1.07,0.724,0.53,0.105,0.331,1.885
2015,Croatia,Central and Eastern Europe,4105267,62,5.759,1.083,0.796,0.788,0.259,0.024,0.054,2.755
2015,Libya,Middle East and Northern Africa,6871292,63,5.754,1.131,1.119,0.704,0.417,0.11,0.183,2.09
2015,Russia,Central and Eastern Europe,145934462,64,5.716,1.138,1.236,0.669,0.367,0.03,0.002,2.274
2015,Jamaica,Latin America and Caribbean,2961167,65,5.709,0.81,1.151,0.687,0.504,0.023,0.212,2.322
2015,North Cyprus,Western Europe,3404000,66,5.695,1.208,1.07,0.924,0.49,0.143,0.262,1.598
2015,Cyprus,Western Europe,1207359,67,5.689,1.208,0.893,0.924,0.407,0.061,0.306,1.89
2015,Algeria,Middle East and Northern Africa,43851044,68,5.605,0.939,1.078,0.618,0.286,0.174,0.078,2.432
2015,Kosovo,Central and Eastern Europe,1052000,69,5.589,0.801,0.812,0.631,0.247,0.047,0.283,2.768
2015,Turkmenistan,Central and Eastern Europe,6031200,70,5.548,0.958,1.227,0.539,0.476,0.308,0.17,1.87
2015,Mauritius,Sub-Saharan Africa,1271768,71,5.477,1.008,0.985,0.71,0.561,0.075,0.377,1.761
2015,Hong Kong,Eastern Asia,7500000,72,5.474,1.386,1.058,1.013,0.596,0.371,0.395,0.655
2015,Estonia,Central and Eastern Europe,1326535,73,5.429,1.152,1.228,0.774,0.449,0.152,0.087,1.587
2015,Indonesia,Southeastern Asia,273523615,74,5.399,0.828,1.087,0.638,0.466,0,0.515,1.865
2015,Vietnam,Southeastern Asia,97338579,75,5.36,0.632,0.912,0.747,0.594,0.104,0.169,2.202
2015,Turkey,Middle East and Northern Africa,84339067,76,5.332,1.061,0.946,0.732,0.228,0.157,0.123,2.085
2015,Kyrgyzstan,Central and Eastern Europe,6524195,77,5.286,0.474,1.151,0.651,0.435,0.042,0.3,2.233
2015,Nigeria,Sub-Saharan Africa,206139589,78,5.268,0.654,0.904,0.16,0.343,0.04,0.272,2.895
2015,Bhutan,Southern Asia,763092,79,5.253,0.77,1.104,0.574,0.532,0.154,0.48,1.639
2015,Azerbaijan,Central and Eastern Europe,10139177,80,5.212,1.024,0.938,0.64,0.37,0.161,0.078,2.001
2015,Pakistan,Southern Asia,220892340,81,5.194,0.595,0.414,0.515,0.121,0.105,0.337,3.107
2015,Jordan,Middle East and Northern Africa,10203134,82,5.192,0.902,1.054,0.696,0.407,0.143,0.111,1.879
2015,Montenegro,Central and Eastern Europe,628066,82,5.192,0.974,0.906,0.725,0.183,0.143,0.161,2.1
2015,China,Eastern Asia,1439323776,84,5.14,0.89,0.947,0.817,0.517,0.028,0.082,1.859
2015,Zambia,Sub-Saharan Africa,18383955,85,5.129,0.47,0.916,0.299,0.488,0.125,0.196,2.635
2015,Romania,Central and Eastern Europe,19237691,86,5.124,1.043,0.886,0.769,0.351,0.006,0.137,1.932
2015,Serbia,Central and Eastern Europe,8737371,87,5.123,0.921,1.01,0.748,0.201,0.026,0.192,2.025
2015,Portugal,Western Europe,10196709,88,5.102,1.16,1.139,0.875,0.515,0.011,0.137,1.265
2015,Latvia,Central and Eastern Europe,1886198,89,5.098,1.113,1.096,0.724,0.297,0.063,0.182,1.623
2015,Philippines,Southeastern Asia,109581078,90,5.073,0.705,1.035,0.581,0.625,0.123,0.25,1.754
2015,Somaliland,Sub-Saharan Africa,3500000,91,5.057,0.188,0.952,0.439,0.466,0.399,0.503,2.11
2015,Morocco,Middle East and Northern Africa,36910560,92,5.013,0.735,0.641,0.61,0.417,0.085,0.072,2.453
2015,Macedonia,Central and Eastern Europe,2083374,93,5.007,0.919,1.002,0.735,0.335,0.053,0.224,1.739
2015,Mozambique,Sub-Saharan Africa,31255435,94,4.971,0.083,1.026,0.091,0.34,0.156,0.223,3.052
2015,Albania,Central and Eastern Europe,2877797,95,4.959,0.879,0.804,0.813,0.357,0.064,0.143,1.899
2015,Bosnia and Herzegovina,Central and Eastern Europe,3280819,96,4.949,0.832,0.919,0.791,0.092,0.002,0.248,2.065
2015,Lesotho,Sub-Saharan Africa,2142249,97,4.898,0.375,1.041,0.076,0.318,0.125,0.164,2.799
2015,Dominican Republic,Latin America and Caribbean,10847910,98,4.885,0.895,1.172,0.668,0.577,0.142,0.217,1.214
2015,Laos,Southeastern Asia,7275560,99,4.876,0.591,0.738,0.549,0.596,0.242,0.422,1.738
2015,Mongolia,Eastern Asia,3278290,100,4.874,0.828,1.301,0.603,0.436,0.027,0.332,1.347
2015,Swaziland,Sub-Saharan Africa,1160164,101,4.867,0.712,1.073,0.076,0.307,0.031,0.183,2.485
2015,Greece,Western Europe,10423054,102,4.857,1.154,0.929,0.882,0.077,0.014,0,1.801
2015,Lebanon,Middle East and Northern Africa,6825445,103,4.839,1.026,0.8,0.839,0.339,0.046,0.219,1.57
2015,Hungary,Central and Eastern Europe,9660351,104,4.8,1.121,1.202,0.759,0.321,0.028,0.128,1.241
2015,Honduras,Latin America and Caribbean,9904607,105,4.788,0.595,0.953,0.695,0.401,0.068,0.23,1.846
2015,Tajikistan,Central and Eastern Europe,9537645,106,4.786,0.39,0.856,0.574,0.472,0.151,0.23,2.113
2015,Tunisia,Middle East and Northern Africa,11818619,107,4.739,0.881,0.604,0.738,0.263,0.064,0.064,2.125
2015,Palestinian Territories,Middle East and Northern Africa,5057681,108,4.715,0.599,0.926,0.66,0.245,0.129,0.113,2.043
2015,Bangladesh,Southern Asia,164689383,109,4.694,0.398,0.431,0.602,0.408,0.126,0.212,2.517
2015,Iran,Middle East and Northern Africa,83992949,110,4.686,1.009,0.544,0.698,0.3,0.059,0.381,1.695
2015,Ukraine,Central and Eastern Europe,43733762,111,4.681,0.799,1.203,0.674,0.251,0.03,0.153,1.571
2015,Iraq,Middle East and Northern Africa,40222493,112,4.677,0.985,0.819,0.602,0,0.138,0.179,1.954
2015,South Africa,Sub-Saharan Africa,59308690,113,4.642,0.92,1.185,0.277,0.332,0.089,0.12,1.719
2015,Ghana,Sub-Saharan Africa,31072940,114,4.633,0.546,0.68,0.401,0.423,0.044,0.231,2.308
2015,Zimbabwe,Sub-Saharan Africa,14862924,115,4.61,0.271,1.033,0.335,0.259,0.081,0.19,2.441
2015,Liberia,Sub-Saharan Africa,5057681,116,4.571,0.071,0.79,0.342,0.285,0.062,0.244,2.777
2015,India,Southern Asia,1380004385,117,4.565,0.645,0.382,0.515,0.398,0.085,0.265,2.275
2015,Sudan,Sub-Saharan Africa,42810000,118,4.55,0.521,1.014,0.369,0.101,0.147,0.191,2.207
2015,Haiti,Latin America and Caribbean,11402528,119,4.518,0.267,0.743,0.388,0.244,0.172,0.462,2.242
2015,Dem. Rep. Congo,Sub-Saharan Africa,5290000,120,4.517,0,1.001,0.098,0.226,0.076,0.248,2.868
2015,Nepal,Southern Asia,29136808,121,4.514,0.36,0.864,0.569,0.383,0.059,0.323,1.956
2015,Ethiopia,Sub-Saharan Africa,114963588,122,4.512,0.191,0.604,0.441,0.435,0.15,0.243,2.448
2015,Sierra Leone,Sub-Saharan Africa,7976983,123,4.507,0.33,0.956,0,0.408,0.088,0.215,2.51
2015,Mauritania,Sub-Saharan Africa,4649658,124,4.436,0.454,0.869,0.359,0.242,0.175,0.219,2.118
2015,Kenya,Sub-Saharan Africa,53771296,125,4.419,0.365,0.999,0.414,0.422,0.058,0.375,1.786
2015,Djibouti,Sub-Saharan Africa,973560,126,4.369,0.44,0.592,0.363,0.461,0.281,0.181,2.051
2015,Armenia,Central and Eastern Europe,2963243,127,4.35,0.768,0.777,0.73,0.198,0.039,0.079,1.759
2015,Botswana,Sub-Saharan Africa,2351627,128,4.332,0.994,1.105,0.048,0.495,0.125,0.105,1.46
2015,Myanmar,Southeastern Asia,54409800,129,4.307,0.271,0.709,0.482,0.44,0.19,0.796,1.419
2015,Georgia,Central and Eastern Europe,3989167,130,4.297,0.742,0.386,0.729,0.406,0.383,0.055,1.596
2015,Malawi,Sub-Saharan Africa,19129952,131,4.292,0.016,0.411,0.226,0.431,0.07,0.331,2.807
2015,Sri Lanka,Southern Asia,21413249,132,4.271,0.835,1.019,0.708,0.537,0.092,0.408,0.672
2015,Cameroon,Sub-Saharan Africa,26545863,133,4.252,0.423,0.888,0.234,0.493,0.058,0.206,1.95
2015,Bulgaria,Central and Eastern Europe,6948445,134,4.218,1.012,1.106,0.766,0.306,0.009,0.119,0.9
2015,Egypt,Middle East and Northern Africa,102334404,135,4.194,0.882,0.747,0.617,0.173,0.063,0.113,1.599
2015,Yemen,Middle East and Northern Africa,29825964,136,4.077,0.546,0.681,0.401,0.356,0.079,0.091,1.923
2015,Angola,Sub-Saharan Africa,31830000,137,4.033,0.758,0.86,0.167,0.104,0.071,0.123,1.95
2015,Mali,Sub-Saharan Africa,20250833,138,3.995,0.261,1.035,0.206,0.389,0.124,0.188,1.792
2015,Congo,Sub-Saharan Africa,3593000,139,3.989,0.679,0.663,0.311,0.415,0.117,0.124,1.68
2015,Comoros,Sub-Saharan Africa,869601,140,3.956,0.239,0.793,0.363,0.229,0.199,0.174,1.959
2015,Uganda,Sub-Saharan Africa,45741007,141,3.931,0.211,1.133,0.339,0.457,0.073,0.291,1.427
2015,Senegal,Sub-Saharan Africa,16743927,142,3.904,0.365,0.976,0.435,0.368,0.107,0.208,1.445
2015,Gabon,Sub-Saharan Africa,2225734,143,3.896,1.06,0.905,0.434,0.319,0.111,0.068,0.999
2015,Niger,Sub-Saharan Africa,24206644,144,3.845,0.069,0.773,0.297,0.477,0.156,0.194,1.879
2015,Cambodia,Southeastern Asia,16718965,145,3.819,0.46,0.627,0.611,0.662,0.072,0.404,0.983
2015,Tanzania,Sub-Saharan Africa,59734218,146,3.781,0.285,1.003,0.382,0.329,0.057,0.344,1.381
2015,Madagascar,Sub-Saharan Africa,27691018,147,3.681,0.208,0.668,0.467,0.192,0.081,0.213,1.852
2015,Central African Republic,Sub-Saharan Africa,4829767,148,3.678,0.079,0,0.067,0.489,0.083,0.238,2.722
2015,Chad,Sub-Saharan Africa,16425864,149,3.667,0.342,0.761,0.15,0.235,0.053,0.184,1.942
2015,Guinea,Sub-Saharan Africa,13132795,150,3.656,0.174,0.465,0.24,0.377,0.121,0.287,1.992
2015,Ivory Coast,Sub-Saharan Africa,26378274,151,3.655,0.465,0.771,0.152,0.469,0.179,0.202,1.417
2015,Burkina Faso,Sub-Saharan Africa,20903273,152,3.587,0.258,0.852,0.271,0.395,0.128,0.217,1.466
2015,Afghanistan,Southern Asia,38928346,153,3.575,0.32,0.303,0.303,0.234,0.097,0.365,1.953
2015,Rwanda,Sub-Saharan Africa,12952218,154,3.465,0.222,0.774,0.429,0.592,0.552,0.226,0.67
2015,Benin,Sub-Saharan Africa,12123200,155,3.34,0.287,0.354,0.319,0.485,0.08,0.183,1.632
2015,Syria,Middle East and Northern Africa,17070000,156,3.006,0.663,0.475,0.722,0.157,0.189,0.472,0.328
2015,Burundi,Sub-Saharan Africa,11890784,157,2.905,0.015,0.416,0.224,0.119,0.101,0.197,1.833
2015,Togo,Sub-Saharan Africa,8278724,158,2.839,0.209,0.14,0.284,0.365,0.107,0.167,1.567
2016,Denmark,Western Europe,5792202,1,7.526,1.442,1.164,0.795,0.579,0.445,0.362,2.739
2016,Switzerland,Western Europe,8654622,2,7.509,1.527,1.145,0.863,0.586,0.412,0.281,2.695
2016,Iceland,Western Europe,341243,3,7.501,1.427,1.183,0.867,0.566,0.15,0.477,2.831
2016,Norway,Western Europe,5421241,4,7.498,1.577,1.127,0.796,0.596,0.358,0.379,2.665
2016,Finland,Western Europe,5540720,5,7.413,1.406,1.135,0.811,0.571,0.41,0.255,2.825
2016,Canada,North America,37742154,6,7.404,1.44,1.096,0.828,0.574,0.313,0.448,2.705
2016,Netherlands,Western Europe,17134872,7,7.339,1.465,1.029,0.812,0.552,0.299,0.474,2.708
2016,New Zealand,Australia and New Zealand,4822233,8,7.334,1.361,1.173,0.831,0.581,0.419,0.494,2.475
2016,Australia,Australia and New Zealand,25499884,9,7.313,1.444,1.105,0.851,0.568,0.323,0.474,2.548
2016,Sweden,Western Europe,10099265,10,7.291,1.452,1.088,0.831,0.582,0.409,0.383,2.546
2016,Israel,Middle East and Northern Africa,8655535,11,7.267,1.338,0.995,0.849,0.364,0.087,0.323,3.311
2016,Austria,Western Europe,9006398,12,7.119,1.45,1.084,0.806,0.544,0.213,0.329,2.693
2016,United States of America,North America,331002651,13,7.104,1.508,1.048,0.779,0.482,0.149,0.411,2.727
2016,Costa Rica,Latin America and Caribbean,5094118,14,7.087,1.069,1.022,0.761,0.552,0.105,0.226,3.352
2016,Puerto Rico,Latin America and Caribbean,3190000,15,7.039,1.359,1.081,0.778,0.468,0.123,0.222,3.008
2016,Germany,Western Europe,83783942,16,6.994,1.448,1.098,0.815,0.535,0.286,0.305,2.507
2016,Brazil,Latin America and Caribbean,212559417,17,6.952,1.088,1.039,0.614,0.404,0.142,0.158,3.507
2016,Belgium,Western Europe,11589623,18,6.929,1.425,1.052,0.82,0.514,0.262,0.242,2.614
2016,Ireland,Western Europe,4937786,19,6.907,1.483,1.162,0.815,0.54,0.298,0.45,2.159
2016,Luxembourg,Western Europe,625978,20,6.871,1.698,1.04,0.845,0.549,0.353,0.276,2.11
2016,Mexico,Latin America and Caribbean,128932753,21,6.778,1.115,0.715,0.711,0.377,0.184,0.117,3.559
2016,Singapore,Southeastern Asia,5850342,22,6.739,1.646,0.868,0.947,0.488,0.47,0.327,1.993
2016,United Kingdom,Western Europe,67886011,23,6.725,1.403,1.087,0.81,0.5,0.274,0.502,2.149
2016,Chile,Latin America and Caribbean,19116201,24,6.705,1.217,0.906,0.819,0.378,0.115,0.316,2.954
2016,Panama,Latin America and Caribbean,4314767,25,6.701,1.183,0.989,0.708,0.489,0.084,0.242,3.006
2016,Argentina,Latin America and Caribbean,45195774,26,6.65,1.151,1.066,0.697,0.423,0.073,0.11,3.13
2016,Czechia,Central and Eastern Europe,10708981,27,6.596,1.309,1.008,0.764,0.414,0.04,0.099,2.962
2016,United Arab Emirates,Middle East and Northern Africa,9890402,28,6.573,1.574,0.871,0.73,0.562,0.356,0.266,2.214
2016,Uruguay,Latin America and Caribbean,3473730,29,6.545,1.182,1.031,0.722,0.544,0.214,0.181,2.671
2016,Malta,Western Europe,441543,30,6.488,1.308,1.099,0.803,0.55,0.176,0.562,1.99
2016,Colombia,Latin America and Caribbean,50882891,31,6.481,1.03,1.022,0.597,0.447,0.054,0.156,3.175
2016,France,Western Europe,65273511,32,6.478,1.395,1.005,0.838,0.466,0.178,0.122,2.474
2016,Thailand,Southeastern Asia,69799978,33,6.474,1.089,1.045,0.649,0.496,0.028,0.587,2.58
2016,Saudi Arabia,Middle East and Northern Africa,34813871,34,6.379,1.49,0.848,0.593,0.379,0.3,0.155,2.614
2016,Taiwan,Eastern Asia,23830593,34,6.379,1.397,0.926,0.796,0.324,0.066,0.255,2.615
2016,Qatar,Middle East and Northern Africa,2830000,36,6.375,1.824,0.88,0.717,0.567,0.48,0.324,1.583
2016,Spain,Western Europe,46754778,37,6.361,1.343,1.129,0.879,0.375,0.061,0.177,2.397
2016,Algeria,Middle East and Northern Africa,43851044,38,6.355,1.053,0.833,0.618,0.21,0.162,0.07,3.409
2016,Guatemala,Latin America and Caribbean,17915568,39,6.324,0.835,0.871,0.54,0.504,0.087,0.288,3.199
2016,Suriname,Latin America and Caribbean,588488,40,6.269,1.097,0.779,0.509,0.522,0.127,0.167,3.068
2016,Kuwait,Middle East and Northern Africa,4270571,41,6.239,1.617,0.878,0.636,0.432,0.237,0.16,2.279
2016,Bahrain,Middle East and Northern Africa,1701575,42,6.218,1.44,0.944,0.657,0.474,0.258,0.171,2.274
2016,Trinidad and Tobago,Latin America and Caribbean,1399488,43,6.168,1.326,0.986,0.526,0.485,0.012,0.319,2.514
2016,Venezuela,Latin America and Caribbean,28435940,44,6.084,1.134,1.033,0.619,0.198,0.083,0.043,2.974
2016,Slovakia,Central and Eastern Europe,5459642,45,6.078,1.28,1.083,0.704,0.234,0.029,0.138,2.61
2016,El Salvador,Latin America and Caribbean,6486205,46,6.068,0.874,0.81,0.596,0.373,0.106,0.089,3.22
2016,Malaysia,Southeastern Asia,32365999,47,6.005,1.251,0.88,0.624,0.39,0.091,0.415,2.354
2016,Nicaragua,Latin America and Caribbean,6624554,48,5.992,0.694,0.895,0.652,0.466,0.163,0.298,2.824
2016,Uzbekistan,Central and Eastern Europe,33469203,49,5.987,0.736,1.168,0.502,0.608,0.283,0.343,2.347
2016,Italy,Western Europe,60461826,50,5.977,1.355,1.042,0.851,0.188,0.026,0.167,2.348
2016,Ecuador,Latin America and Caribbean,17643054,51,5.976,0.973,0.86,0.686,0.403,0.18,0.101,2.773
2016,Belize,Latin America and Caribbean,397628,52,5.956,0.876,0.687,0.456,0.512,0.108,0.237,3.08
2016,Japan,Eastern Asia,126476461,53,5.921,1.38,1.061,0.915,0.468,0.19,0.102,1.805
2016,Kazakhstan,Central and Eastern Europe,18776707,54,5.919,1.229,0.955,0.574,0.405,0.111,0.15,2.495
2016,Moldova,Central and Eastern Europe,4033963,55,5.897,0.692,0.831,0.523,0.252,0.019,0.2,3.38
2016,Russia,Central and Eastern Europe,145934462,56,5.856,1.232,1.053,0.59,0.327,0.036,0.027,2.591
2016,Poland,Central and Eastern Europe,37846611,57,5.835,1.246,1.047,0.691,0.452,0.055,0.144,2.2
2016,South Korea,Eastern Asia,51269185,57,5.835,1.359,0.722,0.886,0.252,0.077,0.188,2.351
2016,Bolivia,Latin America and Caribbean,11673021,59,5.822,0.794,0.838,0.47,0.51,0.077,0.217,2.916
2016,Lithuania,Central and Eastern Europe,2722289,60,5.813,1.269,1.064,0.647,0.189,0.018,0.02,2.606
2016,Belarus,Central and Eastern Europe,9449323,61,5.802,1.131,1.05,0.631,0.291,0.175,0.139,2.385
2016,North Cyprus,Western Europe,3404000,62,5.771,1.311,0.818,0.841,0.436,0.166,0.263,1.936
2016,Slovenia,Central and Eastern Europe,2078938,63,5.768,1.299,1.056,0.792,0.532,0.036,0.257,1.796
2016,Peru,Latin America and Caribbean,32971854,64,5.743,0.996,0.813,0.63,0.375,0.053,0.145,2.731
2016,Turkmenistan,Central and Eastern Europe,6031200,65,5.658,1.08,1.038,0.44,0.374,0.285,0.226,2.215
2016,Mauritius,Sub-Saharan Africa,1271768,66,5.648,1.144,0.757,0.662,0.461,0.052,0.37,2.202
2016,Libya,Middle East and Northern Africa,6871292,67,5.615,1.067,0.951,0.523,0.407,0.103,0.171,2.393
2016,Latvia,Central and Eastern Europe,1886198,68,5.56,1.218,0.95,0.64,0.28,0.089,0.174,2.209
2016,Cyprus,Western Europe,1207359,69,5.546,1.319,0.707,0.849,0.295,0.052,0.279,2.045
2016,Paraguay,Latin America and Caribbean,7132538,70,5.538,0.894,1.111,0.583,0.462,0.074,0.253,2.161
2016,Romania,Central and Eastern Europe,19237691,71,5.528,1.17,0.728,0.676,0.367,0.007,0.129,2.451
2016,Estonia,Central and Eastern Europe,1326535,72,5.517,1.28,1.052,0.681,0.415,0.185,0.084,1.82
2016,Jamaica,Latin America and Caribbean,2961167,73,5.51,0.893,0.964,0.595,0.436,0.043,0.222,2.357
2016,Croatia,Central and Eastern Europe,4105267,74,5.488,1.186,0.608,0.705,0.239,0.04,0.184,2.526
2016,Hong Kong,Eastern Asia,7500000,75,5.458,1.511,0.87,0.953,0.481,0.316,0.401,0.926
2016,Somalia,Sub-Saharan Africa,15440000,76,5.44,0,0.336,0.115,0.568,0.312,0.272,3.837
2016,Kosovo,Central and Eastern Europe,1052000,77,5.401,0.901,0.661,0.54,0.144,0.065,0.28,2.81
2016,Turkey,Middle East and Northern Africa,84339067,78,5.389,1.165,0.877,0.647,0.239,0.123,0.047,2.291
2016,Indonesia,Southeastern Asia,273523615,79,5.314,0.951,0.876,0.494,0.392,0.003,0.565,2.033
2016,Jordan,Middle East and Northern Africa,10203134,80,5.303,0.997,0.862,0.607,0.36,0.133,0.143,2.201
2016,Azerbaijan,Central and Eastern Europe,10139177,81,5.291,1.124,0.76,0.545,0.353,0.179,0.056,2.274
2016,Philippines,Southeastern Asia,109581078,82,5.279,0.812,0.879,0.47,0.549,0.118,0.217,2.234
2016,China,Eastern Asia,1439323776,83,5.245,1.028,0.794,0.736,0.44,0.027,0.05,2.17
2016,Bhutan,Southern Asia,763092,84,5.196,0.853,0.908,0.498,0.461,0.162,0.485,1.829
2016,Kyrgyzstan,Central and Eastern Europe,6524195,85,5.185,0.56,0.954,0.554,0.402,0.048,0.384,2.283
2016,Serbia,Central and Eastern Europe,8737371,86,5.177,1.034,0.813,0.646,0.157,0.043,0.207,2.277
2016,Bosnia and Herzegovina,Central and Eastern Europe,3280819,87,5.163,0.934,0.644,0.708,0.095,0,0.299,2.483
2016,Montenegro,Central and Eastern Europe,628066,88,5.161,1.078,0.742,0.635,0.151,0.127,0.172,2.256
2016,Dominican Republic,Latin America and Caribbean,10847910,89,5.155,1.028,0.995,0.577,0.523,0.124,0.213,1.695
2016,Morocco,Middle East and Northern Africa,36910560,90,5.151,0.841,0.386,0.595,0.256,0.084,0.041,2.948
2016,Hungary,Central and Eastern Europe,9660351,91,5.145,1.241,0.932,0.676,0.198,0.045,0.099,1.954
2016,Pakistan,Southern Asia,220892340,92,5.132,0.688,0.261,0.403,0.146,0.139,0.312,3.183
2016,Lebanon,Middle East and Northern Africa,6825445,93,5.129,1.123,0.642,0.762,0.262,0.031,0.237,2.072
2016,Portugal,Western Europe,10196709,94,5.123,1.276,0.944,0.794,0.447,0.015,0.117,1.53
2016,Macedonia,Central and Eastern Europe,2083374,95,5.121,1.019,0.782,0.647,0.277,0.07,0.235,2.091
2016,Vietnam,Southeastern Asia,97338579,96,5.061,0.74,0.791,0.662,0.56,0.116,0.251,1.941
2016,Somaliland,Sub-Saharan Africa,3500000,97,5.057,0.256,0.759,0.331,0.391,0.368,0.515,2.437
2016,Tunisia,Middle East and Northern Africa,11818619,98,5.045,0.977,0.432,0.596,0.236,0.082,0.039,2.683
2016,Greece,Western Europe,10423054,99,5.033,1.249,0.755,0.8,0.058,0.041,0,2.13
2016,Tajikistan,Central and Eastern Europe,9537645,100,4.996,0.488,0.756,0.531,0.434,0.135,0.26,2.392
2016,Mongolia,Eastern Asia,3278290,101,4.907,0.989,1.09,0.555,0.36,0.033,0.345,1.535
2016,Laos,Southeastern Asia,7275560,102,4.876,0.68,0.55,0.383,0.522,0.224,0.431,2.086
2016,Nigeria,Sub-Saharan Africa,206139589,103,4.875,0.752,0.645,0.051,0.279,0.031,0.232,2.885
2016,Honduras,Latin America and Caribbean,9904607,104,4.871,0.694,0.756,0.584,0.268,0.069,0.204,2.296
2016,Iran,Middle East and Northern Africa,83992949,105,4.813,1.118,0.389,0.642,0.225,0.056,0.385,1.998
2016,Zambia,Sub-Saharan Africa,18383955,106,4.795,0.612,0.638,0.236,0.427,0.115,0.179,2.588
2016,Nepal,Southern Asia,29136808,107,4.793,0.446,0.697,0.501,0.37,0.07,0.382,2.327
2016,Palestinian Territories,Middle East and Northern Africa,5057681,108,4.754,0.67,0.716,0.568,0.177,0.106,0.112,2.405
2016,Albania,Central and Eastern Europe,2877797,109,4.655,0.955,0.502,0.73,0.319,0.053,0.168,1.928
2016,Bangladesh,Southern Asia,164689383,110,4.643,0.542,0.247,0.53,0.398,0.126,0.191,2.609
2016,Sierra Leone,Sub-Saharan Africa,7976983,111,4.635,0.365,0.628,0,0.307,0.082,0.239,3.014
2016,Iraq,Middle East and Northern Africa,40222493,112,4.575,1.075,0.592,0.511,0.249,0.136,0.196,1.816
2016,Namibia,Sub-Saharan Africa,2540905,113,4.574,0.933,0.704,0.347,0.486,0.104,0.078,1.922
2016,Cameroon,Sub-Saharan Africa,26545863,114,4.513,0.525,0.625,0.127,0.427,0.061,0.227,2.521
2016,Ethiopia,Sub-Saharan Africa,114963588,115,4.508,0.293,0.379,0.346,0.367,0.172,0.295,2.656
2016,South Africa,Sub-Saharan Africa,59308690,116,4.459,1.024,0.961,0.186,0.425,0.084,0.137,1.642
2016,Sri Lanka,Southern Asia,21413249,117,4.415,0.973,0.848,0.62,0.508,0.08,0.47,0.916
2016,India,Southern Asia,1380004385,118,4.404,0.74,0.292,0.451,0.403,0.087,0.25,2.181
2016,Myanmar,Southeastern Asia,54409800,119,4.395,0.341,0.7,0.399,0.427,0.202,0.82,1.506
2016,Egypt,Middle East and Northern Africa,102334404,120,4.362,0.954,0.498,0.521,0.188,0.104,0.127,1.97
2016,Armenia,Central and Eastern Europe,2963243,121,4.36,0.861,0.625,0.641,0.14,0.036,0.078,1.979
2016,Kenya,Sub-Saharan Africa,53771296,122,4.356,0.523,0.762,0.301,0.406,0.067,0.413,1.884
2016,Ukraine,Central and Eastern Europe,43733762,123,4.324,0.873,1.014,0.586,0.129,0.018,0.204,1.5
2016,Ghana,Sub-Saharan Africa,31072940,124,4.276,0.631,0.494,0.297,0.41,0.033,0.212,2.199
2016,Dem. Rep. Congo,Sub-Saharan Africa,5290000,125,4.272,0.057,0.807,0.188,0.156,0.061,0.255,2.748
2016,Georgia,Central and Eastern Europe,3989167,126,4.252,0.838,0.192,0.64,0.325,0.319,0.068,1.87
2016,Congo,Sub-Saharan Africa,3593000,127,4.236,0.771,0.478,0.282,0.379,0.098,0.121,2.107
2016,Senegal,Sub-Saharan Africa,16743927,128,4.219,0.443,0.774,0.405,0.311,0.117,0.191,1.978
2016,Bulgaria,Central and Eastern Europe,6948445,129,4.217,1.113,0.925,0.678,0.212,0.006,0.128,1.155
2016,Mauritania,Sub-Saharan Africa,4649658,130,4.201,0.614,0.841,0.286,0.127,0.18,0.227,1.926
2016,Zimbabwe,Sub-Saharan Africa,14862924,131,4.193,0.35,0.715,0.16,0.254,0.086,0.185,2.443
2016,Malawi,Sub-Saharan Africa,19129952,132,4.156,0.087,0.147,0.294,0.414,0.076,0.31,2.828
2016,Sudan,Sub-Saharan Africa,42810000,133,4.139,0.631,0.819,0.298,0,0.1,0.181,2.11
2016,Gabon,Sub-Saharan Africa,2225734,134,4.121,1.159,0.724,0.349,0.281,0.093,0.062,1.453
2016,Mali,Sub-Saharan Africa,20250833,135,4.073,0.313,0.863,0.163,0.275,0.136,0.211,2.112
2016,Haiti,Latin America and Caribbean,11402528,136,4.028,0.341,0.296,0.275,0.121,0.145,0.48,2.37
2016,Botswana,Sub-Saharan Africa,2351627,137,3.974,1.094,0.892,0.348,0.441,0.108,0.124,0.967
2016,Comoros,Sub-Saharan Africa,869601,138,3.956,0.275,0.603,0.3,0.154,0.184,0.183,2.257
2016,Ivory Coast,Sub-Saharan Africa,26378274,139,3.916,0.555,0.576,0.045,0.407,0.155,0.203,1.975
2016,Cambodia,Southeastern Asia,16718965,140,3.907,0.556,0.538,0.425,0.589,0.081,0.403,1.315
2016,Angola,Sub-Saharan Africa,31830000,141,3.866,0.847,0.664,0.05,0.006,0.084,0.121,2.094
2016,Niger,Sub-Saharan Africa,24206644,142,3.856,0.133,0.605,0.262,0.38,0.172,0.21,2.094
2016,South Sudan,Sub-Saharan Africa,11193725,143,3.832,0.394,0.185,0.158,0.197,0.13,0.259,2.509
2016,Chad,Sub-Saharan Africa,16425864,144,3.763,0.422,0.632,0.038,0.128,0.05,0.187,2.306
2016,Burkina Faso,Sub-Saharan Africa,20903273,145,3.739,0.32,0.631,0.213,0.334,0.125,0.244,1.872
2016,Uganda,Sub-Saharan Africa,45741007,145,3.739,0.347,0.91,0.196,0.437,0.064,0.271,1.514
2016,Yemen,Middle East and Northern Africa,29825964,147,3.724,0.579,0.475,0.31,0.229,0.059,0.098,1.974
2016,Madagascar,Sub-Saharan Africa,27691018,148,3.695,0.28,0.461,0.371,0.137,0.075,0.22,2.151
2016,Tanzania,Sub-Saharan Africa,59734218,149,3.666,0.472,0.776,0.357,0.318,0.051,0.315,1.377
2016,Liberia,Sub-Saharan Africa,5057681,150,3.622,0.107,0.504,0.232,0.257,0.049,0.241,2.232
2016,Guinea,Sub-Saharan Africa,13132795,151,3.607,0.224,0.311,0.188,0.31,0.119,0.299,2.156
2016,Rwanda,Sub-Saharan Africa,12952218,152,3.515,0.328,0.616,0.319,0.543,0.505,0.236,0.968
2016,Benin,Sub-Saharan Africa,12123200,153,3.484,0.395,0.104,0.21,0.397,0.067,0.202,2.109
2016,Afghanistan,Southern Asia,38928346,154,3.36,0.382,0.11,0.173,0.164,0.071,0.313,2.147
2016,Togo,Sub-Saharan Africa,8278724,155,3.303,0.281,0,0.248,0.347,0.116,0.175,2.136
2016,Syria,Middle East and Northern Africa,17070000,156,3.069,0.747,0.149,0.63,0.069,0.172,0.484,0.818
2016,Burundi,Sub-Saharan Africa,11890784,157,2.905,0.068,0.234,0.157,0.043,0.094,0.203,2.106
2017,Norway,Western Europe,5421241,1,7.537,1.616,1.534,0.797,0.635,0.362,0.316,2.277
2017,Denmark,Western Europe,5792202,2,7.522,1.482,1.551,0.793,0.626,0.355,0.401,2.314
2017,Iceland,Western Europe,341243,3,7.504,1.481,1.611,0.834,0.627,0.476,0.154,2.321
2017,Switzerland,Western Europe,8654622,4,7.494,1.565,1.517,0.858,0.62,0.291,0.367,2.276
2017,Finland,Western Europe,5540720,5,7.469,1.444,1.54,0.809,0.618,0.245,0.383,2.43
2017,Netherlands,Western Europe,17134872,6,7.377,1.504,1.429,0.811,0.585,0.47,0.283,2.295
2017,Canada,North America,37742154,7,7.316,1.479,1.481,0.835,0.611,0.436,0.287,2.187
2017,New Zealand,Australia and New Zealand,4822233,8,7.314,1.406,1.548,0.817,0.614,0.5,0.383,2.046
2017,Sweden,Western Europe,10099265,9,7.284,1.494,1.478,0.831,0.613,0.385,0.384,2.099
2017,Australia,Australia and New Zealand,25499884,10,7.284,1.484,1.51,0.844,0.602,0.478,0.301,2.065
2017,Israel,Middle East and Northern Africa,8655535,11,7.213,1.375,1.376,0.838,0.406,0.33,0.085,2.803
2017,Costa Rica,Latin America and Caribbean,5094118,12,7.079,1.11,1.416,0.76,0.58,0.215,0.1,2.898
2017,Austria,Western Europe,9006398,13,7.006,1.487,1.46,0.815,0.568,0.316,0.221,2.139
2017,United States of America,North America,331002651,14,6.993,1.546,1.42,0.774,0.506,0.393,0.136,2.218
2017,Ireland,Western Europe,4937786,15,6.977,1.536,1.558,0.81,0.573,0.428,0.298,1.774
2017,Germany,Western Europe,83783942,16,6.951,1.488,1.473,0.799,0.563,0.336,0.277,2.015
2017,Belgium,Western Europe,11589623,17,6.891,1.464,1.462,0.818,0.54,0.232,0.251,2.124
2017,Luxembourg,Western Europe,625978,18,6.863,1.742,1.458,0.845,0.597,0.283,0.319,1.619
2017,United Kingdom,Western Europe,67886011,19,6.714,1.442,1.496,0.805,0.508,0.493,0.265,1.705
2017,Chile,Latin America and Caribbean,19116201,20,6.652,1.253,1.284,0.819,0.377,0.327,0.082,2.51
2017,United Arab Emirates,Middle East and Northern Africa,9890402,21,6.648,1.626,1.266,0.727,0.608,0.361,0.324,1.736
2017,Brazil,Latin America and Caribbean,212559417,22,6.635,1.107,1.431,0.617,0.437,0.162,0.111,2.77
2017,Czechia,Central and Eastern Europe,10708981,23,6.609,1.353,1.434,0.754,0.491,0.088,0.037,2.452
2017,Argentina,Latin America and Caribbean,45195774,24,6.599,1.185,1.44,0.695,0.495,0.109,0.06,2.615
2017,Mexico,Latin America and Caribbean,128932753,25,6.578,1.153,1.211,0.71,0.413,0.121,0.133,2.837
2017,Singapore,Southeastern Asia,5850342,26,6.572,1.692,1.354,0.949,0.55,0.346,0.464,1.217
2017,Malta,Western Europe,441543,27,6.527,1.343,1.488,0.822,0.589,0.575,0.153,1.557
2017,Uruguay,Latin America and Caribbean,3473730,28,6.454,1.218,1.412,0.719,0.579,0.175,0.178,2.173
2017,Guatemala,Latin America and Caribbean,17915568,29,6.454,0.872,1.256,0.54,0.531,0.283,0.077,2.895
2017,Panama,Latin America and Caribbean,4314767,30,6.452,1.234,1.373,0.706,0.55,0.211,0.071,2.307
2017,France,Western Europe,65273511,31,6.442,1.431,1.388,0.844,0.47,0.13,0.173,2.006
2017,Thailand,Southeastern Asia,69799978,32,6.424,1.128,1.426,0.647,0.58,0.572,0.032,2.039
2017,Taiwan,Eastern Asia,23830593,33,6.422,1.434,1.385,0.794,0.361,0.258,0.064,2.126
2017,Spain,Western Europe,46754778,34,6.403,1.384,1.532,0.889,0.409,0.19,0.071,1.928
2017,Qatar,Middle East and Northern Africa,2830000,35,6.375,1.871,1.274,0.71,0.604,0.33,0.439,1.147
2017,Colombia,Latin America and Caribbean,50882891,36,6.357,1.071,1.402,0.595,0.477,0.149,0.047,2.616
2017,Saudi Arabia,Middle East and Northern Africa,34813871,37,6.344,1.531,1.287,0.59,0.45,0.148,0.273,2.065
2017,Trinidad and Tobago,Latin America and Caribbean,1399488,38,6.168,1.361,1.38,0.52,0.519,0.325,0.009,2.054
2017,Kuwait,Middle East and Northern Africa,4270571,39,6.105,1.633,1.26,0.632,0.496,0.228,0.215,1.641
2017,Slovakia,Central and Eastern Europe,5459642,40,6.098,1.325,1.505,0.713,0.296,0.137,0.024,2.098
2017,Bahrain,Middle East and Northern Africa,1701575,41,6.087,1.488,1.323,0.653,0.537,0.173,0.257,1.656
2017,Malaysia,Southeastern Asia,32365999,42,6.084,1.291,1.285,0.619,0.402,0.417,0.066,2.004
2017,Nicaragua,Latin America and Caribbean,6624554,43,6.071,0.737,1.287,0.653,0.448,0.302,0.131,2.513
2017,Ecuador,Latin America and Caribbean,17643054,44,6.008,1.001,1.286,0.686,0.455,0.15,0.14,2.29
2017,El Salvador,Latin America and Caribbean,6486205,45,6.003,0.91,1.182,0.596,0.432,0.078,0.09,2.715
2017,Poland,Central and Eastern Europe,37846611,46,5.973,1.292,1.446,0.699,0.52,0.158,0.059,1.799
2017,Uzbekistan,Central and Eastern Europe,33469203,47,5.971,0.786,1.549,0.498,0.658,0.416,0.247,1.817
2017,Italy,Western Europe,60461826,48,5.964,1.395,1.445,0.853,0.256,0.173,0.028,1.814
2017,Russia,Central and Eastern Europe,145934462,49,5.963,1.282,1.469,0.547,0.374,0.052,0.033,2.206
2017,Belize,Latin America and Caribbean,397628,50,5.956,0.908,1.081,0.45,0.548,0.24,0.097,2.632
2017,Japan,Eastern Asia,126476461,51,5.92,1.417,1.436,0.913,0.506,0.121,0.164,1.363
2017,Lithuania,Central and Eastern Europe,2722289,52,5.902,1.315,1.474,0.629,0.234,0.01,0.012,2.228
2017,Algeria,Middle East and Northern Africa,43851044,53,5.872,1.092,1.146,0.618,0.233,0.069,0.146,2.568
2017,Latvia,Central and Eastern Europe,1886198,54,5.85,1.261,1.405,0.639,0.326,0.153,0.074,1.992
2017,South Korea,Eastern Asia,51269185,55,5.838,1.402,1.128,0.9,0.258,0.207,0.063,1.88
2017,Moldova,Central and Eastern Europe,4033963,56,5.838,0.729,1.252,0.589,0.241,0.209,0.01,2.808
2017,Romania,Central and Eastern Europe,19237691,57,5.825,1.218,1.15,0.685,0.457,0.134,0.004,2.177
2017,Bolivia,Latin America and Caribbean,11673021,58,5.823,0.834,1.228,0.474,0.559,0.226,0.06,2.442
2017,Turkmenistan,Central and Eastern Europe,6031200,59,5.822,1.131,1.493,0.438,0.418,0.25,0.259,1.833
2017,Kazakhstan,Central and Eastern Europe,18776707,60,5.819,1.285,1.384,0.606,0.437,0.202,0.119,1.786
2017,North Cyprus,Western Europe,3404000,61,5.81,1.347,1.186,0.835,0.471,0.267,0.155,1.549
2017,Slovenia,Central and Eastern Europe,2078938,62,5.758,1.341,1.453,0.791,0.573,0.243,0.045,1.312
2017,Peru,Latin America and Caribbean,32971854,63,5.715,1.035,1.219,0.63,0.45,0.127,0.047,2.207
2017,Mauritius,Sub-Saharan Africa,1271768,64,5.629,1.189,1.21,0.638,0.491,0.361,0.042,1.698
2017,Cyprus,Western Europe,1207359,65,5.621,1.356,1.131,0.845,0.355,0.271,0.041,1.622
2017,Estonia,Central and Eastern Europe,1326535,66,5.611,1.321,1.477,0.695,0.479,0.099,0.183,1.357
2017,Belarus,Central and Eastern Europe,9449323,67,5.569,1.157,1.445,0.638,0.295,0.155,0.156,1.723
2017,Libya,Middle East and Northern Africa,6871292,68,5.525,1.102,1.358,0.52,0.466,0.152,0.093,1.834
2017,Turkey,Middle East and Northern Africa,84339067,69,5.5,1.198,1.338,0.638,0.301,0.047,0.1,1.878
2017,Paraguay,Latin America and Caribbean,7132538,70,5.493,0.933,1.507,0.579,0.474,0.224,0.091,1.685
2017,Hong Kong,Eastern Asia,7500000,71,5.472,1.552,1.263,0.943,0.491,0.374,0.294,0.555
2017,Hong Kong,Eastern Asia,109581078,72,5.43,0.858,1.254,0.468,0.585,0.194,0.099,1.972
2017,Serbia,Central and Eastern Europe,8737371,73,5.395,1.069,1.258,0.651,0.209,0.22,0.041,1.947
2017,Jordan,Middle East and Northern Africa,10203134,74,5.336,0.991,1.239,0.605,0.418,0.172,0.12,1.791
2017,Hungary,Central and Eastern Europe,9660351,75,5.324,1.286,1.343,0.688,0.176,0.078,0.037,1.716
2017,Jamaica,Latin America and Caribbean,2961167,76,5.311,0.926,1.368,0.641,0.474,0.234,0.055,1.613
2017,Croatia,Central and Eastern Europe,4105267,77,5.293,1.223,0.968,0.701,0.256,0.248,0.043,1.854
2017,Kosovo,Central and Eastern Europe,1052000,78,5.279,0.951,1.138,0.541,0.26,0.32,0.057,2.012
2017,China,Eastern Asia,1439323776,79,5.273,1.081,1.161,0.741,0.473,0.029,0.023,1.765
2017,Pakistan,Southern Asia,220892340,80,5.269,0.727,0.673,0.402,0.235,0.315,0.124,2.793
2017,Indonesia,Southeastern Asia,273523615,81,5.262,0.996,1.274,0.492,0.443,0.612,0.015,1.43
2017,Venezuela,Latin America and Caribbean,28435940,82,5.25,1.128,1.431,0.617,0.154,0.065,0.064,1.791
2017,Montenegro,Central and Eastern Europe,628066,83,5.237,1.121,1.238,0.667,0.195,0.198,0.088,1.73
2017,Morocco,Middle East and Northern Africa,36910560,84,5.235,0.878,0.775,0.598,0.408,0.032,0.088,2.456
2017,Azerbaijan,Central and Eastern Europe,10139177,85,5.234,1.154,1.152,0.541,0.398,0.045,0.181,1.763
2017,Dominican Republic,Latin America and Caribbean,10847910,86,5.23,1.079,1.402,0.575,0.553,0.187,0.114,1.32
2017,Greece,Western Europe,10423054,87,5.227,1.289,1.239,0.81,0.096,0,0.043,1.75
2017,Lebanon,Middle East and Northern Africa,6825445,88,5.225,1.075,1.13,0.735,0.289,0.264,0.038,1.694
2017,Portugal,Western Europe,10196709,89,5.195,1.315,1.367,0.796,0.498,0.095,0.016,1.108
2017,Bosnia and Herzegovina,Central and Eastern Europe,3280819,90,5.182,0.982,1.069,0.705,0.204,0.329,0,1.893
2017,Honduras,Latin America and Caribbean,9904607,91,5.181,0.731,1.144,0.583,0.348,0.236,0.073,2.066
2017,Macedonia,Central and Eastern Europe,2083374,92,5.175,1.065,1.208,0.645,0.326,0.254,0.06,1.617
2017,Somalia,Sub-Saharan Africa,15440000,93,5.151,0.023,0.721,0.114,0.602,0.292,0.282,3.117
2017,Vietnam,Southeastern Asia,97338579,94,5.074,0.789,1.277,0.652,0.571,0.235,0.088,1.462
2017,Nigeria,Sub-Saharan Africa,206139589,95,5.074,0.784,1.216,0.057,0.395,0.231,0.026,2.365
2017,Tajikistan,Central and Eastern Europe,9537645,96,5.041,0.525,1.271,0.529,0.472,0.249,0.146,1.849
2017,Bhutan,Southern Asia,763092,97,5.011,0.885,1.34,0.496,0.502,0.474,0.173,1.141
2017,Kyrgyzstan,Central and Eastern Europe,6524195,98,5.004,0.596,1.394,0.553,0.455,0.429,0.039,1.538
2017,Nepal,Southern Asia,29136808,99,4.962,0.48,1.179,0.504,0.44,0.394,0.073,1.892
2017,Mongolia,Eastern Asia,3278290,100,4.955,1.027,1.493,0.558,0.394,0.338,0.033,1.112
2017,South Africa,Sub-Saharan Africa,59308690,101,4.829,1.055,1.385,0.187,0.479,0.139,0.073,1.511
2017,Tunisia,Middle East and Northern Africa,11818619,102,4.805,1.007,0.868,0.613,0.29,0.05,0.087,1.89
2017,Palestinian Territories,Middle East and Northern Africa,5057681,103,4.775,0.716,1.156,0.566,0.255,0.114,0.089,1.879
2017,Egypt,Middle East and Northern Africa,102334404,104,4.735,0.99,0.997,0.52,0.282,0.129,0.114,1.703
2017,Bulgaria,Central and Eastern Europe,6948445,105,4.714,1.161,1.434,0.708,0.289,0.113,0.011,0.998
2017,Sierra Leone,Sub-Saharan Africa,7976983,106,4.709,0.368,0.984,0.006,0.319,0.293,0.071,2.668
2017,Cameroon,Sub-Saharan Africa,26545863,107,4.695,0.564,0.946,0.133,0.43,0.236,0.051,2.335
2017,Iran,Middle East and Northern Africa,83992949,108,4.692,1.157,0.712,0.639,0.249,0.387,0.049,1.499
2017,Albania,Central and Eastern Europe,2877797,109,4.644,0.996,0.804,0.731,0.381,0.201,0.04,1.491
2017,Bangladesh,Southern Asia,164689383,110,4.608,0.587,0.735,0.533,0.478,0.172,0.124,1.979
2017,Namibia,Sub-Saharan Africa,2540905,111,4.574,0.964,1.098,0.339,0.52,0.077,0.093,1.483
2017,Kenya,Sub-Saharan Africa,53771296,112,4.553,0.56,1.068,0.31,0.453,0.445,0.065,1.652
2017,Mozambique,Sub-Saharan Africa,31255435,113,4.55,0.234,0.871,0.107,0.481,0.322,0.179,2.356
2017,Myanmar,Southeastern Asia,54409800,114,4.545,0.367,1.123,0.398,0.514,0.838,0.189,1.116
2017,Senegal,Sub-Saharan Africa,16743927,115,4.535,0.479,1.18,0.409,0.378,0.183,0.115,1.791
2017,Zambia,Sub-Saharan Africa,18383955,116,4.514,0.636,1.003,0.258,0.462,0.25,0.078,1.827
2017,Iraq,Middle East and Northern Africa,40222493,117,4.497,1.103,0.979,0.501,0.289,0.2,0.107,1.318
2017,Gabon,Sub-Saharan Africa,2225734,118,4.465,1.198,1.156,0.357,0.312,0.044,0.076,1.322
2017,Ethiopia,Sub-Saharan Africa,114963588,119,4.46,0.339,0.865,0.353,0.409,0.313,0.165,2.016
2017,Sri Lanka,Southern Asia,21413249,120,4.44,1.01,1.26,0.625,0.561,0.491,0.074,0.419
2017,Armenia,Central and Eastern Europe,2963243,121,4.376,0.901,1.007,0.638,0.198,0.083,0.027,1.522
2017,India,Southern Asia,1380004385,122,4.315,0.792,0.754,0.455,0.47,0.232,0.092,1.52
2017,Mauritania,Sub-Saharan Africa,4649658,123,4.292,0.648,1.272,0.285,0.096,0.202,0.137,1.652
2017,Congo,Sub-Saharan Africa,3593000,124,4.291,0.809,0.832,0.29,0.435,0.121,0.08,1.724
2017,Georgia,Central and Eastern Europe,3989167,125,4.286,0.951,0.571,0.65,0.309,0.054,0.252,1.499
2017,Dem. Rep. Congo,Sub-Saharan Africa,5290000,126,4.28,0.092,1.229,0.191,0.236,0.246,0.06,2.226
2017,Mali,Sub-Saharan Africa,20250833,127,4.19,0.476,1.281,0.169,0.307,0.183,0.105,1.669
2017,Ivory Coast,Sub-Saharan Africa,26378274,128,4.18,0.603,0.905,0.049,0.448,0.201,0.13,1.844
2017,Cambodia,Southeastern Asia,16718965,129,4.168,0.602,1.006,0.43,0.633,0.386,0.068,1.043
2017,Sudan,Sub-Saharan Africa,42810000,130,4.139,0.66,1.214,0.291,0.015,0.182,0.09,1.687
2017,Ghana,Sub-Saharan Africa,31072940,131,4.12,0.667,0.874,0.296,0.423,0.257,0.025,1.578
2017,Ukraine,Central and Eastern Europe,43733762,132,4.096,0.895,1.395,0.576,0.123,0.27,0.023,0.814
2017,Uganda,Sub-Saharan Africa,45741007,133,4.081,0.381,1.13,0.218,0.443,0.326,0.057,1.526
2017,Burkina Faso,Sub-Saharan Africa,20903273,134,4.032,0.35,1.043,0.216,0.324,0.251,0.12,1.728
2017,Niger,Sub-Saharan Africa,24206644,135,4.028,0.162,0.993,0.269,0.364,0.229,0.139,1.872
2017,Malawi,Sub-Saharan Africa,19129952,136,3.97,0.233,0.513,0.315,0.467,0.287,0.073,2.082
2017,Chad,Sub-Saharan Africa,16425864,137,3.936,0.438,0.954,0.041,0.162,0.216,0.054,2.071
2017,Zimbabwe,Sub-Saharan Africa,14862924,138,3.875,0.376,1.083,0.197,0.336,0.189,0.095,1.599
2017,Lesotho,Sub-Saharan Africa,2142249,139,3.808,0.521,1.19,0,0.391,0.157,0.119,1.43
2017,Angola,Sub-Saharan Africa,31830000,140,3.795,0.858,1.104,0.05,0,0.098,0.07,1.615
2017,Afghanistan,Southern Asia,38928346,141,3.794,0.401,0.582,0.181,0.106,0.312,0.061,2.151
2017,Botswana,Sub-Saharan Africa,2351627,142,3.766,1.122,1.222,0.342,0.505,0.099,0.099,0.377
2017,Benin,Sub-Saharan Africa,12123200,143,3.657,0.431,0.435,0.21,0.426,0.208,0.061,1.886
2017,Madagascar,Sub-Saharan Africa,27691018,144,3.644,0.306,0.913,0.375,0.189,0.209,0.067,1.585
2017,Haiti,Latin America and Caribbean,11402528,145,3.603,0.369,0.64,0.277,0.03,0.489,0.1,1.698
2017,Yemen,Middle East and Northern Africa,29825964,146,3.593,0.592,0.935,0.31,0.249,0.104,0.057,1.346
2017,South Sudan,Sub-Saharan Africa,11193725,147,3.591,0.397,0.601,0.163,0.147,0.286,0.117,1.88
2017,Liberia,Sub-Saharan Africa,5057681,148,3.533,0.119,0.872,0.23,0.333,0.267,0.039,1.673
2017,Guinea,Sub-Saharan Africa,13132795,149,3.507,0.245,0.791,0.194,0.349,0.265,0.111,1.552
2017,Togo,Sub-Saharan Africa,8278724,150,3.495,0.305,0.432,0.247,0.38,0.197,0.096,1.838
2017,Rwanda,Sub-Saharan Africa,12952218,151,3.471,0.369,0.946,0.326,0.582,0.253,0.455,0.54
2017,Syria,Middle East and Northern Africa,17070000,152,3.462,0.777,0.396,0.501,0.082,0.494,0.151,1.061
2017,Tanzania,Sub-Saharan Africa,59734218,153,3.349,0.511,1.042,0.365,0.39,0.354,0.066,0.621
2017,Burundi,Sub-Saharan Africa,11890784,154,2.905,0.092,0.63,0.152,0.06,0.204,0.084,1.683
2017,Central African Republic,Sub-Saharan Africa,4829767,155,2.693,0,0,0.019,0.271,0.281,0.057,2.065
2018,Finland,Western Europe,5540720,1,7.632,1.305,1.592,0.874,0.681,0.393,0.202,2.585
2018,Norway,Western Europe,5421241,2,7.594,1.456,1.582,0.861,0.686,0.34,0.286,2.383
2018,Denmark,Western Europe,5792202,3,7.555,1.351,1.59,0.868,0.683,0.408,0.284,2.371
2018,Iceland,Western Europe,341243,4,7.495,1.343,1.644,0.914,0.677,0.138,0.353,2.426
2018,Switzerland,Western Europe,8654622,5,7.487,1.42,1.549,0.927,0.66,0.357,0.256,2.318
2018,Netherlands,Western Europe,17134872,6,7.441,1.361,1.488,0.878,0.638,0.295,0.333,2.448
2018,Canada,North America,37742154,7,7.328,1.33,1.532,0.896,0.653,0.291,0.321,2.305
2018,New Zealand,Australia and New Zealand,4822233,8,7.324,1.268,1.601,0.876,0.669,0.389,0.365,2.156
2018,Sweden,Western Europe,10099265,9,7.314,1.355,1.501,0.913,0.659,0.383,0.285,2.218
2018,Australia,Australia and New Zealand,25499884,10,7.272,1.34,1.573,0.91,0.647,0.302,0.361,2.139
2018,United Kingdom,Western Europe,67886011,11,7.19,1.244,1.433,0.888,0.464,0.082,0.262,2.817
2018,Austria,Western Europe,9006398,12,7.139,1.341,1.504,0.891,0.617,0.224,0.242,2.32
2018,Costa Rica,Latin America and Caribbean,5094118,13,7.072,1.01,1.459,0.817,0.632,0.101,0.143,2.91
2018,Ireland,Western Europe,4937786,14,6.977,1.448,1.583,0.876,0.614,0.306,0.307,1.843
2018,Germany,Western Europe,83783942,15,6.965,1.34,1.474,0.861,0.586,0.28,0.273,2.151
2018,Belgium,Western Europe,11589623,16,6.927,1.324,1.483,0.894,0.583,0.24,0.188,2.215
2018,Luxembourg,Western Europe,625978,17,6.91,1.576,1.52,0.896,0.632,0.321,0.196,1.769
2018,United States of America,North America,331002651,18,6.886,1.398,1.471,0.819,0.547,0.133,0.291,2.227
2018,Israel,Middle East and Northern Africa,8655535,19,6.814,1.301,1.559,0.883,0.533,0.272,0.354,1.912
2018,United Arab Emirates,Middle East and Northern Africa,9890402,20,6.774,2.096,0.776,0.67,0.284,0.324,0.186,2.438
2018,Czechia,Central and Eastern Europe,10708981,21,6.711,1.233,1.489,0.854,0.543,0.034,0.064,2.494
2018,Malta,Western Europe,441543,22,6.627,1.27,1.525,0.884,0.645,0.142,0.376,1.785
2018,France,Western Europe,65273511,23,6.489,1.293,1.466,0.908,0.52,0.176,0.098,2.028
2018,Mexico,Latin America and Caribbean,128932753,24,6.488,1.038,1.252,0.761,0.479,0.095,0.069,2.794
2018,Chile,Latin America and Caribbean,19116201,25,6.476,1.131,1.331,0.808,0.431,0.061,0.197,2.517
2018,Taiwan,Eastern Asia,23830593,26,6.441,1.365,1.436,0.857,0.418,0.078,0.151,2.136
2018,Panama,Latin America and Caribbean,4314767,27,6.43,1.112,1.438,0.759,0.597,0.063,0.125,2.336
2018,Brazil,Latin America and Caribbean,212559417,28,6.419,0.986,1.474,0.675,0.493,0.088,0.11,2.593
2018,Argentina,Latin America and Caribbean,45195774,29,6.388,1.073,1.468,0.744,0.57,0.054,0.062,2.417
2018,Guatemala,Latin America and Caribbean,17915568,30,6.382,0.781,1.268,0.608,0.604,0.071,0.179,2.871
2018,Uruguay,Latin America and Caribbean,3473730,31,6.379,1.093,1.459,0.771,0.625,0.155,0.13,2.146
2018,Qatar,Middle East and Northern Africa,2830000,32,6.374,1.649,1.303,0.748,0.654,0.171,0.256,1.593
2018,Saudi Arabia,Middle East and Northern Africa,34813871,33,6.371,1.379,1.331,0.633,0.509,0.127,0.098,2.294
2018,Singapore,Southeastern Asia,5850342,34,6.343,1.529,1.451,1.008,0.631,0.457,0.261,1.006
2018,Malaysia,Southeastern Asia,32365999,35,6.322,1.161,1.258,0.669,0.356,0.059,0.311,2.508
2018,Spain,Western Europe,46754778,36,6.31,1.251,1.538,0.965,0.449,0.074,0.142,1.891
2018,Colombia,Latin America and Caribbean,50882891,37,6.26,0.96,1.439,0.635,0.531,0.039,0.099,2.557
2018,Trinidad & Tobago,Latin America and Caribbean,1378000,38,6.192,1.223,1.492,0.564,0.575,0.019,0.171,2.148
2018,Slovakia,Central and Eastern Europe,5459642,39,6.173,1.21,1.537,0.776,0.354,0.014,0.118,2.164
2018,El Salvador,Latin America and Caribbean,6486205,40,6.167,0.806,1.231,0.639,0.461,0.082,0.065,2.883
2018,Nicaragua,Latin America and Caribbean,6624554,41,6.141,0.668,1.319,0.7,0.527,0.128,0.208,2.591
2018,Poland,Central and Eastern Europe,37846611,42,6.123,1.176,1.448,0.781,0.546,0.064,0.108,2
2018,Bahrain,Middle East and Northern Africa,1701575,43,6.105,1.338,1.366,0.698,0.594,0.123,0.243,1.743
2018,Uzbekistan,Central and Eastern Europe,33469203,44,6.096,0.719,1.584,0.605,0.724,0.259,0.328,1.877
2018,Kuwait,Middle East and Northern Africa,4270571,45,6.083,1.474,1.301,0.675,0.554,0.106,0.167,1.806
2018,Thailand,Southeastern Asia,69799978,46,6.072,1.016,1.417,0.707,0.637,0.029,0.364,1.902
2018,Italy,Western Europe,60461826,47,6,1.264,1.501,0.946,0.281,0.028,0.137,1.843
2018,Ecuador,Latin America and Caribbean,17643054,48,5.973,0.889,1.33,0.736,0.556,0.12,0.114,2.228
2018,Belize,Latin America and Caribbean,397628,49,5.956,0.807,1.101,0.474,0.593,0.089,0.183,2.709
2018,Lithuania,Central and Eastern Europe,2722289,50,5.952,1.197,1.527,0.716,0.35,0.006,0.026,2.13
2018,Slovenia,Central and Eastern Europe,2078938,51,5.948,1.219,1.506,0.856,0.633,0.051,0.16,1.523
2018,Romania,Central and Eastern Europe,19237691,52,5.945,1.116,1.219,0.726,0.528,0.001,0.088,2.267
2018,Latvia,Central and Eastern Europe,1886198,53,5.933,1.148,1.454,0.671,0.363,0.066,0.092,2.139
2018,Japan,Eastern Asia,126476461,54,5.915,1.294,1.462,0.988,0.553,0.15,0.079,1.389
2018,Mauritius,Sub-Saharan Africa,1271768,55,5.891,1.09,1.387,0.684,0.584,0.05,0.245,1.851
2018,Jamaica,Latin America and Caribbean,2961167,56,5.89,0.819,1.493,0.693,0.575,0.031,0.096,2.183
2018,South Korea,Eastern Asia,51269185,57,5.875,1.266,1.204,0.955,0.244,0.051,0.175,1.98
2018,North Cyprus,Western Europe,3404000,58,5.835,1.229,1.211,0.909,0.495,0.154,0.179,1.658
2018,Russia,Central and Eastern Europe,145934462,59,5.81,1.151,1.479,0.599,0.399,0.025,0.065,2.092
2018,Kazakhstan,Central and Eastern Europe,18776707,60,5.79,1.143,1.516,0.631,0.454,0.121,0.148,1.777
2018,Cyprus,Western Europe,1207359,61,5.762,1.229,1.191,0.909,0.423,0.035,0.202,1.773
2018,Bolivia,Latin America and Caribbean,11673021,62,5.752,0.751,1.223,0.508,0.606,0.054,0.141,2.469
2018,Estonia,Central and Eastern Europe,1326535,63,5.739,1.2,1.532,0.737,0.553,0.174,0.086,1.457
2018,Paraguay,Latin America and Caribbean,7132538,64,5.681,0.835,1.522,0.615,0.541,0.074,0.162,1.932
2018,Peru,Latin America and Caribbean,32971854,65,5.663,0.934,1.249,0.674,0.53,0.034,0.092,2.15
2018,Kosovo,Central and Eastern Europe,1052000,66,5.662,0.855,1.23,0.578,0.448,0.023,0.274,2.254
2018,Moldova,Central and Eastern Europe,4033963,67,5.64,0.657,1.301,0.62,0.232,0,0.171,2.659
2018,Turkmenistan,Central and Eastern Europe,6031200,68,5.636,1.016,1.533,0.517,0.417,0.037,0.199,1.917
2018,Hungary,Central and Eastern Europe,9660351,69,5.62,1.171,1.401,0.732,0.259,0.022,0.061,1.974
2018,Libya,Middle East and Northern Africa,6871292,70,5.566,0.985,1.35,0.553,0.496,0.148,0.116,1.918
2018,Philippines,Southeastern Asia,109581078,71,5.524,0.775,1.312,0.513,0.643,0.105,0.12,2.056
2018,Honduras,Latin America and Caribbean,9904607,72,5.504,0.62,1.205,0.622,0.459,0.074,0.197,2.327
2018,Belarus,Central and Eastern Europe,9449323,73,5.483,1.039,1.498,0.7,0.307,0.154,0.101,1.684
2018,Turkey,Middle East and Northern Africa,84339067,74,5.483,1.148,1.38,0.686,0.324,0.109,0.106,1.73
2018,Pakistan,Southern Asia,220892340,75,5.472,0.652,0.81,0.424,0.334,0.113,0.216,2.923
2018,Hong Kong,Eastern Asia,7500000,76,5.43,1.405,1.29,1.03,0.524,0.291,0.246,0.644
2018,Portugal,Western Europe,10196709,77,5.41,1.188,1.429,0.884,0.562,0.017,0.055,1.275
2018,Serbia,Central and Eastern Europe,8737371,78,5.398,0.975,1.369,0.685,0.288,0.043,0.134,1.904
2018,Greece,Western Europe,10423054,79,5.358,1.154,1.202,0.879,0.131,0.044,0,1.948
2018,Lebanon,Middle East and Northern Africa,6825445,80,5.358,0.965,1.179,0.785,0.503,0.136,0.214,1.576
2018,Montenegro,Central and Eastern Europe,628066,81,5.347,1.017,1.279,0.729,0.259,0.081,0.111,1.871
2018,Croatia,Central and Eastern Europe,4105267,82,5.321,1.115,1.161,0.737,0.38,0.039,0.12,1.769
2018,Dominican Republic,Latin America and Caribbean,10847910,83,5.302,0.982,1.441,0.614,0.578,0.106,0.12,1.461
2018,Algeria,Middle East and Northern Africa,43851044,84,5.295,0.979,1.154,0.687,0.077,0.135,0.055,2.208
2018,Morocco,Middle East and Northern Africa,36910560,85,5.254,0.779,0.797,0.669,0.46,0.074,0.026,2.449
2018,China,Eastern Asia,1439323776,86,5.246,0.989,1.142,0.799,0.597,0.103,0.029,1.587
2018,Azerbaijan,Central and Eastern Europe,10139177,87,5.201,1.024,1.161,0.603,0.43,0.176,0.031,1.776
2018,Tajikistan,Central and Eastern Europe,9537645,88,5.199,0.474,1.166,0.598,0.292,0.034,0.187,2.448
2018,Macedonia,Central and Eastern Europe,2083374,89,5.185,0.959,1.239,0.691,0.394,0.052,0.173,1.677
2018,Jordan,Middle East and Northern Africa,10203134,90,5.161,0.822,1.265,0.645,0.468,0.134,0.13,1.697
2018,Nigeria,Sub-Saharan Africa,206139589,91,5.155,0.689,1.172,0.048,0.462,0.032,0.201,2.551
2018,Kyrgyzstan,Central and Eastern Europe,6524195,92,5.131,0.53,1.416,0.594,0.54,0.035,0.281,1.735
2018,Bosnia and Herzegovina,Central and Eastern Europe,3280819,93,5.129,0.915,1.078,0.758,0.28,0,0.216,1.882
2018,Mongolia,Eastern Asia,3278290,94,5.125,0.914,1.517,0.575,0.395,0.032,0.253,1.439
2018,Vietnam,Southeastern Asia,97338579,95,5.103,0.715,1.365,0.702,0.618,0.079,0.177,1.447
2018,Indonesia,Southeastern Asia,273523615,96,5.093,0.899,1.215,0.522,0.538,0.018,0.484,1.417
2018,Bhutan,Southern Asia,763092,97,5.082,0.796,1.335,0.527,0.541,0.171,0.364,1.348
2018,Somalia,Sub-Saharan Africa,15440000,98,4.982,0,0.712,0.115,0.674,0.282,0.238,2.961
2018,Cameroon,Sub-Saharan Africa,26545863,99,4.975,0.535,0.891,0.182,0.454,0.043,0.183,2.687
2018,Bulgaria,Central and Eastern Europe,6948445,100,4.933,1.054,1.515,0.712,0.359,0.009,0.064,1.22
2018,Nepal,Southern Asia,29136808,101,4.88,0.425,1.228,0.539,0.526,0.078,0.302,1.782
2018,Venezuela,Latin America and Caribbean,28435940,102,4.806,0.996,1.469,0.657,0.133,0.052,0.056,1.443
2018,Gabon,Sub-Saharan Africa,2225734,103,4.758,1.036,1.164,0.404,0.356,0.052,0.032,1.714
2018,Palestinian Territories,Middle East and Northern Africa,5057681,104,4.743,0.642,1.217,0.602,0.266,0.076,0.086,1.854
2018,South Africa,Sub-Saharan Africa,59308690,105,4.724,0.94,1.41,0.33,0.516,0.056,0.103,1.369
2018,Iran,Middle East and Northern Africa,83992949,106,4.707,1.059,0.771,0.691,0.459,0.129,0.282,1.316
2018,Ivory Coast,Sub-Saharan Africa,26378274,107,4.671,0.541,0.872,0.08,0.467,0.103,0.146,2.462
2018,Ghana,Sub-Saharan Africa,31072940,108,4.657,0.592,0.896,0.337,0.499,0.029,0.212,2.092
2018,Senegal,Sub-Saharan Africa,16743927,109,4.631,0.429,1.117,0.433,0.406,0.082,0.138,2.026
2018,Laos,Southeastern Asia,7275560,110,4.623,0.72,1.034,0.441,0.626,0.174,0.23,1.398
2018,Tunisia,Middle East and Northern Africa,11818619,111,4.592,0.9,0.906,0.69,0.271,0.063,0.04,1.722
2018,Albania,Central and Eastern Europe,2877797,112,4.586,0.916,0.817,0.79,0.419,0.032,0.149,1.463
2018,Sierra Leone,Sub-Saharan Africa,7976983,113,4.571,0.256,0.813,0,0.355,0.053,0.238,2.856
2018,Congo,Sub-Saharan Africa,3593000,114,4.559,0.682,0.811,0.343,0.514,0.077,0.091,2.041
2018,Bangladesh,Southern Asia,164689383,115,4.5,0.532,0.85,0.579,0.58,0.144,0.153,1.662
2018,Sri Lanka,Southern Asia,21413249,116,4.471,0.918,1.314,0.672,0.585,0.05,0.307,0.625
2018,Iraq,Middle East and Northern Africa,40222493,117,4.456,1.01,0.971,0.536,0.304,0.095,0.148,1.392
2018,Mali,Sub-Saharan Africa,20250833,118,4.447,0.37,1.233,0.152,0.367,0.056,0.139,2.13
2018,Namibia,Sub-Saharan Africa,2540905,119,4.441,0.874,1.281,0.365,0.519,0.064,0.051,1.287
2018,Cambodia,Southeastern Asia,16718965,120,4.433,0.549,1.088,0.457,0.696,0.065,0.256,1.322
2018,Burkina Faso,Sub-Saharan Africa,20903273,121,4.424,0.314,1.097,0.254,0.312,0.128,0.175,2.144
2018,Egypt,Middle East and Northern Africa,102334404,122,4.419,0.885,1.025,0.553,0.312,0.107,0.092,1.445
2018,Mozambique,Sub-Saharan Africa,31255435,123,4.417,0.198,0.902,0.173,0.531,0.158,0.206,2.249
2018,Kenya,Sub-Saharan Africa,53771296,124,4.41,0.493,1.048,0.454,0.504,0.055,0.352,1.504
2018,Zambia,Sub-Saharan Africa,18383955,125,4.377,0.562,1.047,0.295,0.503,0.082,0.221,1.667
2018,Mauritania,Sub-Saharan Africa,4649658,126,4.356,0.557,1.245,0.292,0.129,0.093,0.134,1.906
2018,Ethiopia,Sub-Saharan Africa,114963588,127,4.35,0.308,0.95,0.391,0.452,0.146,0.22,1.883
2018,Georgia,Central and Eastern Europe,3989167,128,4.34,0.853,0.592,0.643,0.375,0.215,0.038,1.624
2018,Armenia,Central and Eastern Europe,2963243,129,4.321,0.816,0.99,0.666,0.26,0.028,0.077,1.484
2018,Myanmar,Southeastern Asia,54409800,130,4.308,0.682,1.174,0.429,0.58,0.178,0.598,0.667
2018,Chad,Sub-Saharan Africa,16425864,131,4.301,0.358,0.907,0.053,0.189,0.06,0.181,2.553
2018,Dem. Rep. Congo,Sub-Saharan Africa,5290000,132,4.245,0.069,1.136,0.204,0.312,0.052,0.197,2.275
2018,India,Southern Asia,1380004385,133,4.19,0.721,0.747,0.485,0.539,0.093,0.172,1.433
2018,Niger,Sub-Saharan Africa,24206644,134,4.166,0.131,0.867,0.221,0.39,0.099,0.175,2.283
2018,Uganda,Sub-Saharan Africa,45741007,135,4.161,0.322,1.09,0.237,0.45,0.061,0.259,1.742
2018,Benin,Sub-Saharan Africa,12123200,136,4.141,0.378,0.372,0.24,0.44,0.067,0.163,2.481
2018,Sudan,Sub-Saharan Africa,42810000,137,4.139,0.605,1.24,0.312,0.016,0.082,0.134,1.75
2018,Ukraine,Central and Eastern Europe,43733762,138,4.103,0.793,1.413,0.609,0.163,0.011,0.187,0.927
2018,Togo,Sub-Saharan Africa,8278724,139,3.999,0.259,0.474,0.253,0.434,0.101,0.158,2.32
2018,Guinea,Sub-Saharan Africa,13132795,140,3.964,0.344,0.792,0.211,0.394,0.094,0.185,1.944
2018,Lesotho,Sub-Saharan Africa,2142249,141,3.808,0.472,1.215,0.079,0.423,0.112,0.116,1.391
2018,Angola,Sub-Saharan Africa,31830000,142,3.795,0.73,1.125,0.269,0,0.061,0.079,1.531
2018,Madagascar,Sub-Saharan Africa,27691018,143,3.774,0.262,0.908,0.402,0.221,0.049,0.155,1.777
2018,Zimbabwe,Sub-Saharan Africa,14862924,144,3.692,0.357,1.094,0.248,0.406,0.099,0.132,1.356
2018,Afghanistan,Southern Asia,38928346,145,3.632,0.332,0.537,0.255,0.085,0.036,0.191,2.196
2018,Botswana,Sub-Saharan Africa,2351627,146,3.59,1.017,1.174,0.417,0.557,0.092,0.042,0.291
2018,Malawi,Sub-Saharan Africa,19129952,147,3.587,0.186,0.541,0.306,0.531,0.08,0.21,1.733
2018,Haiti,Latin America and Caribbean,11402528,148,3.582,0.315,0.714,0.289,0.025,0.104,0.392,1.743
2018,Liberia,Sub-Saharan Africa,5057681,149,3.495,0.076,0.858,0.267,0.419,0.03,0.206,1.639
2018,Syria,Middle East and Northern Africa,17070000,150,3.462,0.689,0.382,0.539,0.088,0.144,0.376,1.244
2018,Rwanda,Sub-Saharan Africa,12952218,151,3.408,0.332,0.896,0.4,0.636,0.444,0.2,0.5
2018,Yemen,Middle East and Northern Africa,29825964,152,3.355,0.442,1.073,0.343,0.244,0.064,0.083,1.106
2018,Tanzania,Sub-Saharan Africa,59734218,153,3.303,0.455,0.991,0.381,0.481,0.097,0.27,0.628
2018,South Sudan,Sub-Saharan Africa,11193725,154,3.254,0.337,0.608,0.177,0.112,0.106,0.224,1.69
2018,Central African Republic,Sub-Saharan Africa,4829767,155,3.083,0.024,0,0.01,0.305,0.038,0.218,2.488
2018,Burundi,Sub-Saharan Africa,11890784,156,2.905,0.091,0.627,0.145,0.065,0.076,0.149,1.752
2019,Finland,Western Europe,5540720,1,7.769,1.34,1.587,0.986,0.596,0.393,0.153,2.714
2019,Denmark,Western Europe,5792202,2,7.6,1.383,1.573,0.996,0.592,0.41,0.252,2.394
2019,Norway,Western Europe,5421241,3,7.554,1.488,1.582,1.028,0.603,0.341,0.271,2.241
2019,Iceland,Western Europe,341243,4,7.494,1.38,1.624,1.026,0.591,0.118,0.354,2.401
2019,Netherlands,Western Europe,17134872,5,7.488,1.396,1.522,0.999,0.557,0.298,0.322,2.394
2019,Switzerland,Western Europe,8654622,6,7.48,1.452,1.526,1.052,0.572,0.343,0.263,2.272
2019,Sweden,Western Europe,10099265,7,7.343,1.387,1.487,1.009,0.574,0.373,0.267,2.246
2019,New Zealand,Australia and New Zealand,4822233,8,7.307,1.303,1.557,1.026,0.585,0.38,0.33,2.126
2019,Canada,North America,37742154,9,7.278,1.365,1.505,1.039,0.584,0.308,0.285,2.192
2019,Austria,Western Europe,9006398,10,7.246,1.376,1.475,1.016,0.532,0.226,0.244,2.377
2019,Australia,Australia and New Zealand,25499884,11,7.228,1.372,1.548,1.036,0.557,0.29,0.332,2.093
2019,Costa Rica,Latin America and Caribbean,5094118,12,7.167,1.034,1.441,0.963,0.558,0.093,0.144,2.934
2019,Israel,Middle East and Northern Africa,8655535,13,7.139,1.276,1.455,1.029,0.371,0.082,0.261,2.665
2019,Luxembourg,Western Europe,625978,14,7.09,1.609,1.479,1.012,0.526,0.316,0.194,1.954
2019,United Kingdom,Western Europe,67886011,15,7.054,1.333,1.538,0.996,0.45,0.278,0.348,2.111
2019,Ireland,Western Europe,4937786,16,7.021,1.499,1.553,0.999,0.516,0.31,0.298,1.846
2019,Germany,Western Europe,83783942,17,6.985,1.373,1.454,0.987,0.495,0.265,0.261,2.15
2019,Belgium,Western Europe,11589623,18,6.923,1.356,1.504,0.986,0.473,0.21,0.16,2.234
2019,United States of America,North America,331002651,19,6.892,1.433,1.457,0.874,0.454,0.128,0.28,2.266
2019,Czechia,Central and Eastern Europe,10708981,20,6.852,1.269,1.487,0.92,0.457,0.036,0.046,2.637
2019,United Arab Emirates,Middle East and Northern Africa,9890402,21,6.825,1.503,1.31,0.825,0.598,0.182,0.262,2.145
2019,Malta,Western Europe,441543,22,6.726,1.3,1.52,0.999,0.564,0.151,0.375,1.817
2019,Mexico,Latin America and Caribbean,128932753,23,6.595,1.07,1.323,0.861,0.433,0.073,0.074,2.761
2019,France,Western Europe,65273511,24,6.592,1.324,1.472,1.045,0.436,0.183,0.111,2.021
2019,Taiwan,Eastern Asia,23830593,25,6.446,1.368,1.43,0.914,0.351,0.097,0.242,2.044
2019,Chile,Latin America and Caribbean,19116201,26,6.444,1.159,1.369,0.92,0.357,0.056,0.187,2.396
2019,Guatemala,Latin America and Caribbean,17915568,27,6.436,0.8,1.269,0.746,0.535,0.078,0.175,2.833
2019,Saudi Arabia,Middle East and Northern Africa,34813871,28,6.375,1.403,1.357,0.795,0.439,0.132,0.08,2.169
2019,Qatar,Middle East and Northern Africa,2830000,29,6.374,1.684,1.313,0.871,0.555,0.167,0.22,1.564
2019,Spain,Western Europe,46754778,30,6.354,1.286,1.484,1.062,0.362,0.079,0.153,1.928
2019,Panama,Latin America and Caribbean,4314767,31,6.321,1.149,1.442,0.91,0.516,0.054,0.109,2.141
2019,Brazil,Latin America and Caribbean,212559417,32,6.3,1.004,1.439,0.802,0.39,0.086,0.099,2.48
2019,Uruguay,Latin America and Caribbean,3473730,33,6.293,1.124,1.465,0.891,0.523,0.15,0.127,2.013
2019,Singapore,Southeastern Asia,5850342,34,6.262,1.572,1.463,1.141,0.556,0.453,0.271,0.806
2019,El Salvador,Latin America and Caribbean,6486205,35,6.253,0.794,1.242,0.789,0.43,0.074,0.093,2.831
2019,Italy,Western Europe,60461826,36,6.223,1.294,1.488,1.039,0.231,0.03,0.158,1.983
2019,Bahrain,Middle East and Northern Africa,1701575,37,6.199,1.362,1.368,0.871,0.536,0.11,0.255,1.697
2019,Slovakia,Central and Eastern Europe,5459642,38,6.198,1.246,1.504,0.881,0.334,0.014,0.121,2.098
2019,Trinidad & Tobago,Latin America and Caribbean,1378000,39,6.192,1.231,1.477,0.713,0.489,0.016,0.185,2.081
2019,Poland,Central and Eastern Europe,37846611,40,6.182,1.206,1.438,0.884,0.483,0.05,0.117,2.004
2019,Uzbekistan,Central and Eastern Europe,33469203,41,6.174,0.745,1.529,0.756,0.631,0.24,0.322,1.951
2019,Lithuania,Central and Eastern Europe,2722289,42,6.149,1.238,1.515,0.818,0.291,0.042,0.043,2.202
2019,Colombia,Latin America and Caribbean,50882891,43,6.125,0.985,1.41,0.841,0.47,0.034,0.099,2.286
2019,Slovenia,Central and Eastern Europe,2078938,44,6.118,1.258,1.523,0.953,0.564,0.057,0.144,1.619
2019,Nicaragua,Latin America and Caribbean,6624554,45,6.105,0.694,1.325,0.835,0.435,0.127,0.2,2.489
2019,Kosovo,Central and Eastern Europe,1052000,46,6.1,0.882,1.232,0.758,0.489,0.006,0.262,2.471
2019,Argentina,Latin America and Caribbean,45195774,47,6.086,1.092,1.432,0.881,0.471,0.05,0.066,2.094
2019,Romania,Central and Eastern Europe,19237691,48,6.07,1.162,1.232,0.825,0.462,0.005,0.083,2.301
2019,Cyprus,Western Europe,1207359,49,6.046,1.263,1.223,1.042,0.406,0.041,0.19,1.881
2019,Ecuador,Latin America and Caribbean,17643054,50,6.028,0.912,1.312,0.868,0.498,0.087,0.126,2.225
2019,Kuwait,Middle East and Northern Africa,4270571,51,6.021,1.5,1.319,0.808,0.493,0.097,0.142,1.662
2019,Thailand,Southeastern Asia,69799978,52,6.008,1.05,1.409,0.828,0.557,0.028,0.359,1.777
2019,Latvia,Central and Eastern Europe,1886198,53,5.94,1.187,1.465,0.812,0.264,0.064,0.075,2.073
2019,South Korea,Eastern Asia,51269185,54,5.895,1.301,1.219,1.036,0.159,0.056,0.175,1.949
2019,Estonia,Central and Eastern Europe,1326535,55,5.893,1.237,1.528,0.874,0.495,0.161,0.103,1.495
2019,Jamaica,Latin America and Caribbean,2961167,56,5.89,0.831,1.478,0.831,0.49,0.028,0.107,2.125
2019,Mauritius,Sub-Saharan Africa,1271768,57,5.888,1.12,1.402,0.798,0.498,0.06,0.215,1.795
2019,Japan,Eastern Asia,126476461,58,5.886,1.327,1.419,1.088,0.445,0.14,0.069,1.398
2019,Honduras,Latin America and Caribbean,9904607,59,5.86,0.642,1.236,0.828,0.507,0.078,0.246,2.323
2019,Kazakhstan,Central and Eastern Europe,18776707,60,5.809,1.173,1.508,0.729,0.41,0.096,0.146,1.747
2019,Bolivia,Latin America and Caribbean,11673021,61,5.779,0.776,1.209,0.706,0.511,0.064,0.137,2.376
2019,Hungary,Central and Eastern Europe,9660351,62,5.758,1.201,1.41,0.828,0.199,0.02,0.081,2.019
2019,Paraguay,Latin America and Caribbean,7132538,63,5.743,0.855,1.475,0.777,0.514,0.08,0.184,1.858
2019,North Cyprus,Western Europe,3404000,64,5.718,1.263,1.252,1.042,0.417,0.162,0.191,1.391
2019,Peru,Latin America and Caribbean,32971854,65,5.697,0.96,1.274,0.854,0.455,0.027,0.083,2.044
2019,Portugal,Western Europe,10196709,66,5.693,1.221,1.431,0.999,0.508,0.025,0.047,1.462
2019,Pakistan,Southern Asia,220892340,67,5.653,0.677,0.886,0.535,0.313,0.098,0.22,2.924
2019,Russia,Central and Eastern Europe,145934462,68,5.648,1.183,1.452,0.726,0.334,0.031,0.082,1.84
2019,Philippines,Southeastern Asia,109581078,69,5.631,0.807,1.293,0.657,0.558,0.107,0.117,2.092
2019,Serbia,Central and Eastern Europe,8737371,70,5.603,1.004,1.383,0.854,0.282,0.039,0.137,1.904
2019,Moldova,Central and Eastern Europe,4033963,71,5.529,0.685,1.328,0.739,0.245,0,0.181,2.351
2019,Libya,Middle East and Northern Africa,6871292,72,5.525,1.044,1.303,0.673,0.416,0.152,0.133,1.804
2019,Montenegro,Central and Eastern Europe,628066,73,5.523,1.051,1.361,0.871,0.197,0.08,0.142,1.821
2019,Tajikistan,Central and Eastern Europe,9537645,74,5.467,0.493,1.098,0.718,0.389,0.144,0.23,2.395
2019,Croatia,Central and Eastern Europe,4105267,75,5.432,1.155,1.266,0.914,0.296,0.022,0.119,1.66
2019,Hong Kong,Eastern Asia,7500000,76,5.43,1.438,1.277,1.122,0.44,0.287,0.258,0.608
2019,Dominican Republic,Latin America and Caribbean,10847910,77,5.425,1.015,1.401,0.779,0.497,0.101,0.113,1.519
2019,Bosnia and Herzegovina,Central and Eastern Europe,3280819,78,5.386,0.945,1.212,0.845,0.212,0.006,0.263,1.903
2019,Turkey,Middle East and Northern Africa,84339067,79,5.373,1.183,1.36,0.808,0.195,0.106,0.083,1.638
2019,Malaysia,Southeastern Asia,32365999,80,5.339,1.221,1.171,0.828,0.508,0.024,0.26,1.327
2019,Belarus,Central and Eastern Europe,9449323,81,5.323,1.067,1.465,0.789,0.235,0.142,0.094,1.531
2019,Greece,Western Europe,10423054,82,5.287,1.181,1.156,0.999,0.067,0.034,0,1.85
2019,Mongolia,Eastern Asia,3278290,83,5.285,0.948,1.531,0.667,0.317,0.038,0.235,1.549
2019,North Macedonia,Western Europe,2110000,84,5.274,0.983,1.294,0.838,0.345,0.034,0.185,1.595
2019,Nigeria,Sub-Saharan Africa,206139589,85,5.265,0.696,1.111,0.245,0.426,0.041,0.215,2.531
2019,Kyrgyzstan,Central and Eastern Europe,6524195,86,5.261,0.551,1.438,0.723,0.508,0.023,0.3,1.718
2019,Turkmenistan,Central and Eastern Europe,6031200,87,5.247,1.052,1.538,0.657,0.394,0.028,0.244,1.334
2019,Algeria,Middle East and Northern Africa,43851044,88,5.211,1.002,1.16,0.785,0.086,0.114,0.073,1.991
2019,Morocco,Middle East and Northern Africa,36910560,89,5.208,0.801,0.782,0.782,0.418,0.076,0.036,2.313
2019,Azerbaijan,Central and Eastern Europe,10139177,90,5.208,1.043,1.147,0.769,0.351,0.182,0.035,1.681
2019,Lebanon,Middle East and Northern Africa,6825445,91,5.197,0.987,1.224,0.815,0.216,0.027,0.166,1.762
2019,Indonesia,Southeastern Asia,273523615,92,5.192,0.931,1.203,0.66,0.491,0.028,0.498,1.381
2019,China,Eastern Asia,1439323776,93,5.191,1.029,1.125,0.893,0.521,0.1,0.058,1.465
2019,Vietnam,Southeastern Asia,97338579,94,5.175,0.741,1.346,0.851,0.543,0.073,0.147,1.474
2019,Bhutan,Southern Asia,763092,95,5.082,0.813,1.321,0.604,0.457,0.167,0.37,1.35
2019,Cameroon,Sub-Saharan Africa,26545863,96,5.044,0.549,0.91,0.331,0.381,0.037,0.187,2.649
2019,Bulgaria,Central and Eastern Europe,6948445,97,5.011,1.092,1.513,0.815,0.311,0.004,0.081,1.195
2019,Ghana,Sub-Saharan Africa,31072940,98,4.996,0.611,0.868,0.486,0.381,0.04,0.245,2.365
2019,Ivory Coast,Sub-Saharan Africa,26378274,99,4.944,0.569,0.808,0.232,0.352,0.09,0.154,2.739
2019,Nepal,Southern Asia,29136808,100,4.913,0.446,1.226,0.677,0.439,0.089,0.285,1.751
2019,Jordan,Middle East and Northern Africa,10203134,101,4.906,0.837,1.225,0.815,0.383,0.13,0.11,1.406
2019,Benin,Sub-Saharan Africa,12123200,102,4.883,0.393,0.437,0.397,0.349,0.082,0.175,3.05
2019,Congo,Sub-Saharan Africa,3593000,103,4.812,0.673,0.799,0.508,0.372,0.093,0.105,2.262
2019,Gabon,Sub-Saharan Africa,2225734,104,4.799,1.057,1.183,0.571,0.295,0.055,0.043,1.595
2019,Laos,Southeastern Asia,7275560,105,4.796,0.764,1.03,0.551,0.547,0.164,0.266,1.474
2019,South Africa,Sub-Saharan Africa,59308690,106,4.722,0.96,1.351,0.469,0.389,0.055,0.13,1.368
2019,Albania,Central and Eastern Europe,2877797,107,4.719,0.947,0.848,0.874,0.383,0.027,0.178,1.462
2019,Venezuela,Latin America and Caribbean,28435940,108,4.707,0.96,1.427,0.805,0.154,0.047,0.064,1.25
2019,Cambodia,Southeastern Asia,16718965,109,4.7,0.574,1.122,0.637,0.609,0.062,0.232,1.464
2019,Palestinian Territories,Middle East and Northern Africa,5057681,110,4.696,0.657,1.247,0.672,0.225,0.066,0.103,1.726
2019,Senegal,Sub-Saharan Africa,16743927,111,4.681,0.45,1.134,0.571,0.292,0.072,0.153,2.009
2019,Somalia,Sub-Saharan Africa,15440000,112,4.668,0,0.698,0.268,0.559,0.27,0.243,2.63
2019,Namibia,Sub-Saharan Africa,2540905,113,4.639,0.879,1.313,0.477,0.401,0.056,0.07,1.443
2019,Niger,Sub-Saharan Africa,24206644,114,4.628,0.138,0.774,0.366,0.318,0.102,0.188,2.742
2019,Burkina Faso,Sub-Saharan Africa,20903273,115,4.587,0.331,1.056,0.38,0.255,0.113,0.177,2.275
2019,Armenia,Central and Eastern Europe,2963243,116,4.559,0.85,1.055,0.815,0.283,0.064,0.095,1.397
2019,Iran,Middle East and Northern Africa,83992949,117,4.548,1.1,0.842,0.785,0.305,0.125,0.27,1.121
2019,Guinea,Sub-Saharan Africa,13132795,118,4.534,0.38,0.829,0.375,0.332,0.086,0.207,2.325
2019,Georgia,Central and Eastern Europe,3989167,119,4.519,0.886,0.666,0.752,0.346,0.164,0.043,1.662
2019,Gambia,Sub-Saharan Africa,2416668,120,4.516,0.308,0.939,0.428,0.382,0.167,0.269,2.023
2019,Kenya,Sub-Saharan Africa,53771296,121,4.509,0.512,0.983,0.581,0.431,0.053,0.372,1.577
2019,Mauritania,Sub-Saharan Africa,4649658,122,4.49,0.57,1.167,0.489,0.066,0.088,0.106,2.004
2019,Mozambique,Sub-Saharan Africa,31255435,123,4.466,0.204,0.986,0.39,0.494,0.138,0.197,2.057
2019,Tunisia,Middle East and Northern Africa,11818619,124,4.461,0.921,1,0.815,0.167,0.055,0.059,1.444
2019,Bangladesh,Southern Asia,164689383,125,4.456,0.562,0.928,0.723,0.527,0.143,0.166,1.407
2019,Iraq,Middle East and Northern Africa,40222493,126,4.437,1.043,0.98,0.574,0.241,0.089,0.148,1.362
2019,Dem. Rep. Congo,Sub-Saharan Africa,5290000,127,4.418,0.094,1.125,0.357,0.269,0.053,0.212,2.308
2019,Mali,Sub-Saharan Africa,20250833,128,4.39,0.385,1.105,0.308,0.327,0.052,0.153,2.06
2019,Sierra Leone,Sub-Saharan Africa,7976983,129,4.374,0.268,0.841,0.242,0.309,0.045,0.252,2.417
2019,Sri Lanka,Southern Asia,21413249,130,4.366,0.949,1.265,0.831,0.47,0.047,0.244,0.56
2019,Myanmar,Southeastern Asia,54409800,131,4.36,0.71,1.181,0.555,0.525,0.172,0.566,0.651
2019,Chad,Sub-Saharan Africa,16425864,132,4.35,0.35,0.766,0.192,0.174,0.078,0.198,2.592
2019,Ukraine,Central and Eastern Europe,43733762,133,4.332,0.82,1.39,0.739,0.178,0.01,0.187,1.008
2019,Ethiopia,Sub-Saharan Africa,114963588,134,4.286,0.336,1.033,0.532,0.344,0.1,0.209,1.732
2019,Swaziland,Sub-Saharan Africa,1160164,135,4.212,0.811,1.149,0,0.313,0.135,0.074,1.73
2019,Uganda,Sub-Saharan Africa,45741007,136,4.189,0.332,1.069,0.443,0.356,0.06,0.252,1.677
2019,Egypt,Middle East and Northern Africa,102334404,137,4.166,0.913,1.039,0.644,0.241,0.067,0.076,1.186
2019,Zambia,Sub-Saharan Africa,18383955,138,4.107,0.578,1.058,0.426,0.431,0.087,0.247,1.28
2019,Togo,Sub-Saharan Africa,8278724,139,4.085,0.275,0.572,0.41,0.293,0.085,0.177,2.273
2019,India,Southern Asia,1380004385,140,4.015,0.755,0.765,0.588,0.498,0.085,0.2,1.124
2019,Liberia,Sub-Saharan Africa,5057681,141,3.975,0.073,0.922,0.443,0.37,0.033,0.233,1.901
2019,Comoros,Sub-Saharan Africa,869601,142,3.973,0.274,0.757,0.505,0.142,0.078,0.275,1.942
2019,Madagascar,Sub-Saharan Africa,27691018,143,3.933,0.274,0.916,0.555,0.148,0.041,0.169,1.83
2019,Lesotho,Sub-Saharan Africa,2142249,144,3.802,0.489,1.169,0.168,0.359,0.093,0.107,1.417
2019,Burundi,Sub-Saharan Africa,11890784,145,3.775,0.046,0.447,0.38,0.22,0.18,0.176,2.326
2019,Zimbabwe,Sub-Saharan Africa,14862924,146,3.663,0.366,1.114,0.433,0.361,0.089,0.151,1.149
2019,Haiti,Latin America and Caribbean,11402528,147,3.597,0.323,0.688,0.449,0.026,0.11,0.419,1.582
2019,Botswana,Sub-Saharan Africa,2351627,148,3.488,1.041,1.145,0.538,0.455,0.1,0.025,0.184
2019,Syria,Middle East and Northern Africa,17070000,149,3.462,0.619,0.378,0.44,0.013,0.141,0.331,1.54
2019,Malawi,Sub-Saharan Africa,19129952,150,3.41,0.191,0.56,0.495,0.443,0.089,0.218,1.414
2019,Yemen,Middle East and Northern Africa,29825964,151,3.38,0.287,1.163,0.463,0.143,0.077,0.108,1.139
2019,Rwanda,Sub-Saharan Africa,12952218,152,3.334,0.359,0.711,0.614,0.555,0.411,0.217,0.467
2019,Tanzania,Sub-Saharan Africa,59734218,153,3.231,0.476,0.885,0.499,0.417,0.147,0.276,0.531
2019,Afghanistan,Southern Asia,38928346,154,3.203,0.35,0.517,0.361,0,0.025,0.158,1.792
2019,Central African Republic,Sub-Saharan Africa,4829767,155,3.083,0.026,0,0.105,0.225,0.035,0.235,2.457
2019,South Sudan,Sub-Saharan Africa,11193725,156,2.853,0.306,0.575,0.295,0.01,0.091,0.202,1.374
2020,Finland,Western Europe,5540720,1,7.809,1.285,1.5,0.961,0.662,0.478,0.16,2.763
2020,Denmark,Western Europe,5792202,2,7.646,1.327,1.503,0.979,0.665,0.495,0.243,2.434
2020,Switzerland,Western Europe,8654622,3,7.56,1.391,1.472,1.041,0.629,0.408,0.269,2.35
2020,Iceland,Western Europe,341243,4,7.504,1.327,1.548,1.001,0.662,0.145,0.362,2.459
2020,Norway,Western Europe,5421241,5,7.488,1.424,1.495,1.008,0.67,0.434,0.288,2.169
2020,Netherlands,Western Europe,17134872,6,7.449,1.339,1.464,0.976,0.614,0.369,0.336,2.351
2020,Sweden,Western Europe,10099265,7,7.353,1.322,1.433,0.986,0.65,0.442,0.273,2.247
2020,New Zealand,Australia and New Zealand,4822233,8,7.3,1.242,1.487,1.008,0.647,0.461,0.326,2.129
2020,Austria,Western Europe,9006398,9,7.294,1.317,1.437,1.001,0.603,0.281,0.256,2.399
2020,Luxembourg,Western Europe,625978,10,7.238,1.537,1.388,0.986,0.61,0.367,0.196,2.154
2020,Canada,North America,37742154,11,7.232,1.302,1.435,1.023,0.644,0.352,0.282,2.194
2020,Australia,Australia and New Zealand,25499884,12,7.223,1.31,1.477,1.023,0.622,0.336,0.325,2.13
2020,United Kingdom,Western Europe,67886011,13,7.165,1.273,1.458,0.976,0.525,0.323,0.373,2.237
2020,Israel,Middle East and Northern Africa,8655535,14,7.129,1.216,1.403,1.008,0.421,0.1,0.267,2.714
2020,Costa Rica,Latin America and Caribbean,5094118,15,7.121,0.981,1.375,0.94,0.645,0.096,0.131,2.953
2020,Ireland,Western Europe,4937786,16,7.094,1.447,1.471,0.976,0.588,0.373,0.295,1.944
2020,Germany,Western Europe,83783942,17,7.076,1.314,1.369,0.972,0.564,0.309,0.252,2.296
2020,United States of America,North America,331002651,18,6.94,1.374,1.405,0.832,0.535,0.152,0.298,2.344
2020,Czechia,Central and Eastern Europe,10708981,19,6.911,1.212,1.405,0.895,0.506,0.05,0.046,2.797
2020,Belgium,Western Europe,11589623,20,6.864,1.296,1.399,0.965,0.5,0.209,0.147,2.348
2020,United Arab Emirates,Middle East and Northern Africa,9890402,21,6.791,1.431,1.251,0.788,0.653,0.22,0.281,2.167
2020,Malta,Western Europe,441543,22,6.773,1.253,1.443,0.972,0.633,0.179,0.341,1.952
2020,France,Western Europe,65273511,23,6.664,1.268,1.459,1.03,0.514,0.227,0.113,2.053
2020,Mexico,Latin America and Caribbean,128932753,24,6.465,1.024,1.226,0.832,0.554,0.083,0.083,2.663
2020,Taiwan,Eastern Asia,23830593,25,6.455,1.327,1.358,0.878,0.449,0.132,0.151,2.16
2020,Uruguay,Latin America and Caribbean,3473730,26,6.44,1.071,1.425,0.857,0.594,0.193,0.132,2.168
2020,Saudi Arabia,Middle East and Northern Africa,34813871,27,6.406,1.334,1.31,0.76,0.548,0.163,0.087,2.204
2020,Spain,Western Europe,46754778,28,6.401,1.231,1.421,1.051,0.426,0.11,0.165,1.997
2020,Guatemala,Latin America and Caribbean,17915568,29,6.399,0.754,1.174,0.706,0.613,0.098,0.171,2.883
2020,Italy,Western Europe,60461826,30,6.387,1.236,1.347,1.023,0.321,0.04,0.17,2.25
2020,Singapore,Southeastern Asia,5850342,31,6.377,1.52,1.395,1.138,0.635,0.533,0.219,0.937
2020,Brazil,Latin America and Caribbean,212559417,32,6.376,0.953,1.363,0.766,0.483,0.107,0.132,2.572
2020,Slovenia,Central and Eastern Europe,2078938,33,6.363,1.209,1.465,0.933,0.647,0.077,0.146,1.886
2020,El Salvador,Latin America and Caribbean,6486205,34,6.348,0.749,1.149,0.753,0.524,0.117,0.119,2.937
2020,Kosovo,Central and Eastern Europe,1052000,35,6.325,0.84,1.184,0.673,0.557,0.009,0.325,2.737
2020,Panama,Latin America and Caribbean,4314767,36,6.305,1.098,1.376,0.879,0.58,0.054,0.097,2.221
2020,Slovakia,Central and Eastern Europe,5459642,37,6.281,1.195,1.424,0.853,0.424,0.011,0.117,2.257
2020,Uzbekistan,Central and Eastern Europe,33469203,38,6.258,0.697,1.434,0.717,0.693,0.28,0.363,2.074
2020,Chile,Latin America and Caribbean,19116201,39,6.228,1.097,1.323,0.889,0.417,0.063,0.156,2.283
2020,Bahrain,Middle East and Northern Africa,1701575,40,6.227,1.297,1.315,0.839,0.61,0.127,0.287,1.752
2020,Lithuania,Central and Eastern Europe,2722289,41,6.215,1.194,1.433,0.795,0.42,0.081,0.054,2.238
2020,Trinidad and Tobago,Latin America and Caribbean,1399488,42,6.192,1.168,1.407,0.659,0.553,0.015,0.199,2.191
2020,Poland,Central and Eastern Europe,37846611,43,6.186,1.169,1.31,0.868,0.558,0.161,0.063,2.057
2020,Colombia,Latin America and Caribbean,50882891,44,6.163,0.932,1.334,0.81,0.527,0.046,0.092,2.422
2020,Cyprus,Western Europe,1207359,45,6.159,1.213,1.149,1.026,0.459,0.051,0.228,2.033
2020,Nicaragua,Latin America and Caribbean,6624554,46,6.137,0.62,1.271,0.803,0.56,0.174,0.213,2.496
2020,Romania,Central and Eastern Europe,19237691,47,6.124,1.12,1.194,0.792,0.535,0.001,0.068,2.414
2020,Kuwait,Middle East and Northern Africa,4270571,48,6.102,1.425,1.245,0.776,0.57,0.113,0.133,1.84
2020,Mauritius,Sub-Saharan Africa,1271768,49,6.101,1.074,1.396,0.763,0.591,0.084,0.187,2.006
2020,Kazakhstan,Central and Eastern Europe,18776707,50,6.058,1.123,1.453,0.699,0.497,0.11,0.154,2.022
2020,Estonia,Central and Eastern Europe,1326535,51,6.022,1.192,1.453,0.843,0.577,0.202,0.125,1.63
2020,Philippines,Southeastern Asia,109581078,52,6.006,0.775,1.245,0.602,0.622,0.13,0.129,2.503
2020,Hungary,Central and Eastern Europe,9660351,53,6,1.164,1.423,0.807,0.386,0.028,0.07,2.122
2020,Thailand,Southeastern Asia,69799978,54,5.999,1.007,1.348,0.794,0.609,0.032,0.377,1.832
2020,Argentina,Latin America and Caribbean,45195774,55,5.975,1.028,1.373,0.85,0.521,0.06,0.07,2.073
2020,Honduras,Latin America and Caribbean,9904607,56,5.953,0.599,1.187,0.792,0.568,0.087,0.257,2.463
2020,Latvia,Central and Eastern Europe,1886198,57,5.95,1.141,1.414,0.778,0.329,0.09,0.075,2.123
2020,Ecuador,Latin America and Caribbean,17643054,58,5.925,0.853,1.221,0.839,0.555,0.087,0.115,2.255
2020,Portugal,Western Europe,10196709,59,5.911,1.169,1.34,0.979,0.59,0.028,0.053,1.752
2020,Jamaica,Latin America and Caribbean,2961167,60,5.89,0.779,1.408,0.788,0.553,0.03,0.116,2.216
2020,South Korea,Eastern Asia,51269185,61,5.872,1.245,1.134,1.023,0.259,0.095,0.17,1.946
2020,Japan,Eastern Asia,126476461,62,5.871,1.267,1.332,1.073,0.495,0.181,0.036,1.487
2020,Peru,Latin America and Caribbean,32971854,63,5.797,0.919,1.208,0.824,0.513,0.027,0.092,2.214
2020,Serbia,Central and Eastern Europe,8737371,64,5.778,0.988,1.327,0.828,0.395,0.059,0.15,2.031
2020,Bolivia,Latin America and Caribbean,11673021,65,5.747,0.731,1.142,0.662,0.574,0.073,0.138,2.427
2020,Pakistan,Southern Asia,220892340,66,5.693,0.617,0.873,0.47,0.405,0.123,0.229,2.976
2020,Paraguay,Latin America and Caribbean,7132538,67,5.692,0.898,1.368,0.736,0.587,0.065,0.204,1.834
2020,Dominican Republic,Latin America and Caribbean,10847910,68,5.689,0.983,1.329,0.742,0.563,0.116,0.112,1.844
2020,Bosnia and Herzegovina,Central and Eastern Europe,3280819,69,5.674,0.918,1.204,0.814,0.305,0.001,0.264,2.168
2020,Moldova,Central and Eastern Europe,4033963,70,5.608,0.708,1.237,0.713,0.39,0.014,0.174,2.372
2020,Tajikistan,Central and Eastern Europe,9537645,71,5.556,0.475,1.218,0.681,0.521,0.222,0.182,2.257
2020,Montenegro,Central and Eastern Europe,628066,72,5.546,1.01,1.266,0.839,0.303,0.098,0.149,1.881
2020,Russia,Central and Eastern Europe,145934462,73,5.546,1.127,1.379,0.68,0.399,0.046,0.099,1.816
2020,Kyrgyzstan,Central and Eastern Europe,6524195,74,5.542,0.513,1.341,0.681,0.615,0.03,0.301,2.061
2020,Belarus,Central and Eastern Europe,9449323,75,5.54,1.019,1.387,0.753,0.291,0.194,0.09,1.806
2020,North Cyprus,Western Europe,3404000,76,5.536,1.213,1.183,1.026,0.478,0.2,0.199,1.237
2020,Greece,Western Europe,10423054,77,5.515,1.128,1.169,0.979,0.174,0.049,0,2.016
2020,Hong Kong,Eastern Asia,7500000,78,5.51,1.377,1.244,1.137,0.459,0.332,0.288,0.673
2020,Hong Kong,Eastern Asia,4105267,79,5.505,1.109,1.311,0.901,0.381,0.012,0.114,1.677
2020,Libya,Middle East and Northern Africa,6871292,80,5.489,1.022,1.196,0.616,0.451,0.172,0.143,1.889
2020,Mongolia,Eastern Asia,3278290,81,5.456,0.905,1.459,0.616,0.356,0.047,0.264,1.809
2020,Malaysia,Southeastern Asia,32365999,82,5.384,1.168,1.174,0.789,0.597,0.062,0.275,1.319
2020,Vietnam,Southeastern Asia,97338579,83,5.353,0.718,1.253,0.819,0.651,0.09,0.136,1.686
2020,Indonesia,Southeastern Asia,273523615,84,5.286,0.892,1.155,0.61,0.568,0.038,0.543,1.48
2020,Ivory Coast,Sub-Saharan Africa,26378274,85,5.233,0.537,0.8,0.155,0.397,0.093,0.17,3.081
2020,Benin,Sub-Saharan Africa,12123200,86,5.216,0.366,0.352,0.328,0.406,0.126,0.197,3.441
2020,Maldives,Southern Asia,1520000,87,5.198,0.938,1.402,0.914,0.548,0.072,0.224,1.1
2020,Congo,Sub-Saharan Africa,3593000,88,5.194,0.634,0.758,0.458,0.387,0.119,0.117,2.721
2020,Azerbaijan,Central and Eastern Europe,10139177,89,5.165,0.99,1.181,0.731,0.468,0.247,0.04,1.508
2020,Macedonia,Central and Eastern Europe,2083374,90,5.16,0.935,1.183,0.803,0.41,0.025,0.186,1.618
2020,Ghana,Sub-Saharan Africa,31072940,91,5.148,0.576,0.966,0.432,0.477,0.057,0.261,2.379
2020,Nepal,Southern Asia,29136808,92,5.137,0.444,1.101,0.669,0.481,0.128,0.301,2.013
2020,Turkey,Middle East and Northern Africa,84339067,93,5.132,1.127,1.197,0.781,0.254,0.121,0.086,1.566
2020,China,Eastern Asia,1439323776,94,5.124,0.991,1.132,0.867,0.602,0.117,0.079,1.336
2020,Turkmenistan,Central and Eastern Europe,6031200,95,5.119,1.009,1.51,0.612,0.515,0.034,0.323,1.116
2020,Bulgaria,Central and Eastern Europe,6948445,96,5.102,1.047,1.461,0.778,0.418,0,0.104,1.294
2020,Morocco,Middle East and Northern Africa,36910560,97,5.095,0.759,0.645,0.745,0.45,0.077,0.04,2.379
2020,Cameroon,Sub-Saharan Africa,26545863,98,5.085,0.504,0.9,0.27,0.439,0.054,0.198,2.72
2020,Venezuela,Latin America and Caribbean,28435940,99,5.053,0.77,1.349,0.767,0.272,0.064,0.087,1.744
2020,Algeria,Middle East and Northern Africa,43851044,100,5.005,0.944,1.143,0.745,0.084,0.129,0.119,1.841
2020,Senegal,Sub-Saharan Africa,16743927,101,4.981,0.504,0.955,0.518,0.352,0.082,0.164,2.406
2020,Guinea,Sub-Saharan Africa,13132795,102,4.949,0.39,0.751,0.334,0.372,0.112,0.249,2.741
2020,Niger,Sub-Saharan Africa,24206644,103,4.91,0.108,0.704,0.299,0.435,0.138,0.208,3.018
2020,Laos,Southeastern Asia,7275560,104,4.889,0.715,0.987,0.486,0.612,0.194,0.273,1.622
2020,Albania,Central and Eastern Europe,2877797,105,4.883,0.907,0.83,0.846,0.462,0.025,0.171,1.642
2020,Cambodia,Southeastern Asia,16718965,106,4.848,0.545,1.071,0.588,0.675,0.073,0.233,1.663
2020,Bangladesh,Southern Asia,164689383,107,4.833,0.556,0.869,0.695,0.604,0.177,0.177,1.755
2020,Gabon,Sub-Saharan Africa,2225734,108,4.829,0.988,1.106,0.523,0.369,0.056,0.052,1.735
2020,South Africa,Sub-Saharan Africa,59308690,109,4.814,0.902,1.259,0.407,0.435,0.06,0.126,1.625
2020,Iraq,Middle East and Northern Africa,40222493,110,4.785,0.982,1.011,0.529,0.284,0.073,0.153,1.753
2020,Lebanon,Middle East and Northern Africa,6825445,111,4.772,0.889,1.192,0.789,0.186,0.022,0.159,1.535
2020,Burkina Faso,Sub-Saharan Africa,20903273,112,4.769,0.302,0.929,0.313,0.322,0.126,0.186,2.591
2020,Gambia,Sub-Saharan Africa,2416668,113,4.751,0.257,0.883,0.353,0.403,0.158,0.426,2.271
2020,Mali,Sub-Saharan Africa,20250833,114,4.729,0.352,0.973,0.235,0.378,0.062,0.17,2.559
2020,Nigeria,Sub-Saharan Africa,206139589,115,4.724,0.646,0.987,0.168,0.435,0.048,0.221,2.219
2020,Armenia,Central and Eastern Europe,2963243,116,4.677,0.808,1.035,0.776,0.378,0.105,0.107,1.468
2020,Georgia,Central and Eastern Europe,3989167,117,4.673,0.847,0.731,0.695,0.485,0.174,0.048,1.693
2020,Iran,Middle East and Northern Africa,83992949,118,4.672,1.029,0.886,0.749,0.301,0.143,0.277,1.287
2020,Jordan,Middle East and Northern Africa,10203134,119,4.633,0.785,1.14,0.778,0.425,0.152,0.091,1.262
2020,Mozambique,Sub-Saharan Africa,31255435,120,4.624,0.179,0.955,0.324,0.561,0.163,0.22,2.222
2020,Kenya,Sub-Saharan Africa,53771296,121,4.583,0.476,0.905,0.536,0.519,0.067,0.394,1.686
2020,Namibia,Sub-Saharan Africa,2540905,122,4.571,0.84,1.246,0.407,0.445,0.054,0.076,1.503
2020,Ukraine,Central and Eastern Europe,43733762,123,4.561,0.78,1.321,0.699,0.319,0.01,0.179,1.253
2020,Liberia,Sub-Saharan Africa,5057681,124,4.558,0.174,0.921,0.392,0.406,0.051,0.227,2.387
2020,Palestinian Territories,Middle East and Northern Africa,5057681,125,4.553,0.588,1.195,0.614,0.299,0.072,0.092,1.693
2020,Uganda,Sub-Saharan Africa,45741007,126,4.432,0.312,1.052,0.378,0.402,0.064,0.265,1.959
2020,Chad,Sub-Saharan Africa,16425864,127,4.423,0.302,0.739,0.109,0.229,0.086,0.211,2.747
2020,Tunisia,Middle East and Northern Africa,11818619,128,4.392,0.875,0.872,0.781,0.236,0.044,0.056,1.528
2020,Mauritania,Sub-Saharan Africa,4649658,129,4.375,0.54,1.113,0.425,0.186,0.122,0.129,1.86
2020,Sri Lanka,Southern Asia,21413249,130,4.327,0.898,1.195,0.792,0.529,0.049,0.253,0.611
2020,Dem. Rep. Congo,Sub-Saharan Africa,5290000,131,4.311,0.062,0.833,0.277,0.365,0.081,0.254,2.439
2020,Swaziland,Sub-Saharan Africa,1160164,132,4.308,0.828,1.065,0.216,0.3,0.147,0.067,1.685
2020,Myanmar,Southeastern Asia,54409800,133,4.308,0.678,1.098,0.495,0.597,0.188,0.57,0.682
2020,Comoros,Sub-Saharan Africa,869601,134,4.289,0.416,0.723,0.437,0.181,0.1,0.259,2.173
2020,Togo,Sub-Saharan Africa,8278724,135,4.187,0.268,0.548,0.343,0.304,0.115,0.201,2.408
2020,Ethiopia,Sub-Saharan Africa,114963588,136,4.186,0.315,1.001,0.484,0.413,0.117,0.228,1.628
2020,Madagascar,Sub-Saharan Africa,27691018,137,4.166,0.245,0.824,0.501,0.193,0.076,0.191,2.136
2020,Egypt,Middle East and Northern Africa,102334404,138,4.151,0.875,0.983,0.597,0.374,0.095,0.069,1.158
2020,Sierra Leone,Sub-Saharan Africa,7976983,139,3.926,0.241,0.748,0.204,0.382,0.048,0.258,2.045
2020,Burundi,Sub-Saharan Africa,11890784,140,3.775,0,0.404,0.295,0.275,0.212,0.187,2.402
2020,Zambia,Sub-Saharan Africa,18383955,141,3.759,0.537,0.896,0.364,0.491,0.087,0.251,1.133
2020,Haiti,Latin America and Caribbean,11402528,142,3.721,0.285,0.647,0.374,0.169,0.162,0.464,1.62
2020,Lesotho,Sub-Saharan Africa,2142249,143,3.653,0.455,1.089,0.101,0.409,0.05,0.103,1.446
2020,India,Southern Asia,1380004385,144,3.573,0.731,0.644,0.541,0.581,0.106,0.237,0.733
2020,Malawi,Sub-Saharan Africa,19129952,145,3.538,0.177,0.53,0.446,0.487,0.132,0.213,1.553
2020,Yemen,Middle East and Northern Africa,29825964,146,3.527,0.393,1.177,0.415,0.244,0.087,0.095,1.116
2020,Botswana,Sub-Saharan Africa,2351627,147,3.479,0.998,1.086,0.494,0.509,0.102,0.033,0.257
2020,Tanzania,Sub-Saharan Africa,59734218,148,3.476,0.457,0.873,0.443,0.509,0.204,0.272,0.718
2020,Central African Republic,Sub-Saharan Africa,4829767,149,3.476,0.041,0,0,0.293,0.028,0.254,2.86
2020,Rwanda,Sub-Saharan Africa,12952218,150,3.312,0.343,0.523,0.572,0.604,0.486,0.236,0.548
2020,Zimbabwe,Sub-Saharan Africa,14862924,151,3.299,0.426,1.048,0.375,0.377,0.081,0.151,0.841
2020,South Sudan,Sub-Saharan Africa,11193725,152,2.817,0.289,0.553,0.209,0.066,0.111,0.21,1.379
2020,Afghanistan,Southern Asia,38928346,153,2.567,0.301,0.356,0.266,0,0.001,0.135,1.508
